frame,state,boot_x,boot_y,cart_x,target,direction,loop_ms
1,PLAYING,1089,717,960,1089,1,3.8
2,PLAYING,1091,721,960,1091,1,2.3
3,PLAYING,1093,725,961,1093,1,2.9
4,PLAYING,1104,717,961,1104,1,2.1
5,PLAYING,1106,721,965,1106,1,3.3
6,PLAYING,1108,725,967,1108,1,3.4
7,PLAYING,1110,729,973,1110,1,4.3
8,PLAYING,1112,733,975,1112,1,3.7
9,PLAYING,1115,720,979,1115,1,3.1
10,PLAYING,1117,724,983,1117,1,2.7
11,PLAYING,1119,728,987,1119,1,2.4
12,PLAYING,1121,732,991,1121,1,3.0
13,PLAYING,1123,736,995,1123,1,3.9
14,PLAYING,1106,724,999,1106,1,2.8
15,PLAYING,1108,728,1005,1108,1,3.0
16,PLAYING,1108,732,1009,1108,1,2.6
17,PLAYING,1110,736,1015,1110,1,4.3
18,PLAYING,1112,738,1019,1112,1,2.7
19,PLAYING,1098,746,1025,1098,1,3.7
20,PLAYING,1100,748,1029,1100,1,3.9
21,PLAYING,1102,752,1035,1102,1,4.1
22,PLAYING,1104,756,1041,1104,1,3.4
23,PLAYING,1106,762,1047,1106,1,3.6
24,PLAYING,1099,776,1053,1099,1,3.0
25,PLAYING,1101,780,1059,1101,1,3.3
26,PLAYING,1103,784,1065,1103,1,2.9
27,PLAYING,1105,788,1071,1105,1,2.9
28,PLAYING,1105,792,1077,1105,1,2.4
29,PLAYING,1107,818,1085,1107,1,2.9
30,PLAYING,1109,822,1091,1109,1,2.2
31,PLAYING,1111,826,1099,1111,1,3.3
32,PLAYING,1113,830,1105,1113,0,3.6
33,PLAYING,1115,834,1111,1115,0,2.4
34,PLAYING,1124,846,1121,1124,0,2.4
35,PLAYING,,,1127,,0,2.6
36,PLAYING,,,1132,,0,3.3
37,PLAYING,,,1134,,0,3.0
38,PLAYING,,,1138,,0,2.8
39,PLAYING,,,1140,,0,2.8
40,PLAYING,,,1142,,0,2.6
41,PLAYING,,,1143,,0,3.5
42,PLAYING,,,1143,,0,2.0
43,PLAYING,,,1144,,0,2.8
44,PLAYING,,,1141,,0,3.6
45,PLAYING,,,1141,,0,3.2
46,PLAYING,,,1142,,0,2.4
47,PLAYING,1132,845,1143,1132,-1,3.3
48,PLAYING,1135,843,1143,1135,-1,2.4
49,PLAYING,1136,828,1141,1136,0,2.7
50,PLAYING,1138,824,1140,1138,0,2.9
51,PLAYING,1138,820,1139,1138,0,2.3
52,PLAYING,1140,816,1139,1140,0,3.7
53,PLAYING,1140,812,1139,1140,0,2.8
54,PLAYING,1161,792,1139,1161,1,2.7
55,PLAYING,1163,786,1139,1163,1,3.0
56,PLAYING,1163,782,1139,1163,1,2.9
57,PLAYING,1163,778,1141,1163,1,3.1
58,PLAYING,1165,774,1143,1165,1,2.4
59,PLAYING,1183,772,1147,1183,1,2.6
60,PLAYING,1183,768,1150,1183,1,2.7
61,PLAYING,1185,764,1154,1185,1,4.8
62,PLAYING,1185,758,1155,1185,1,2.9
63,PLAYING,1196,766,1161,1196,1,2.6
64,PLAYING,1196,762,1163,1196,1,2.6
65,PLAYING,1198,758,1169,1198,1,3.6
66,PLAYING,1198,754,1173,1198,1,3.0
67,PLAYING,1200,748,1177,1200,1,2.3
68,PLAYING,1200,746,1181,1200,1,3.2
69,PLAYING,1202,762,1187,1202,1,2.8
70,PLAYING,1202,758,1191,1202,1,2.7
71,PLAYING,1204,754,1197,1204,0,3.3
72,PLAYING,1204,750,1199,1204,0,2.1
73,PLAYING,1194,757,1204,1194,-1,2.8
74,PLAYING,1194,753,1208,1194,-1,2.2
75,PLAYING,1196,747,1205,1196,-1,3.2
76,PLAYING,1196,743,1205,1196,-1,2.2
77,PLAYING,1198,739,1201,1198,0,4.0
78,PLAYING,1178,733,1199,1178,-1,2.5
79,PLAYING,1180,729,1195,1180,-1,3.0
80,PLAYING,1180,725,1193,1180,-1,3.6
81,PLAYING,1182,721,1189,1182,0,2.9
82,PLAYING,1182,717,1185,1182,0,2.3
83,PLAYING,1173,699,1181,1173,0,3.3
84,PLAYING,1173,695,1179,1173,0,2.4
85,PLAYING,1175,691,1177,1175,0,3.0
86,PLAYING,1175,687,1177,1175,0,2.9
87,PLAYING,1177,683,1177,1177,0,2.3
88,PLAYING,1177,679,1177,1177,0,2.4
89,PLAYING,1178,658,1177,1178,0,2.5
90,PLAYING,1178,654,1177,1178,0,2.5
91,PLAYING,1180,648,1177,1180,0,3.2
92,PLAYING,1180,644,1177,1180,0,3.8
93,PLAYING,1208,626,1177,1208,1,3.0
94,PLAYING,1219,635,1177,1219,1,2.0
95,PLAYING,1219,640,1179,1219,1,2.6
96,PLAYING,1221,642,1179,1221,1,2.6
97,PLAYING,1219,647,1183,1219,1,2.8
98,PLAYING,1198,652,1185,1198,1,2.3
99,PLAYING,1198,656,1189,1198,1,3.3
100,PLAYING,1200,660,1193,1200,0,3.8
101,PLAYING,1200,664,1199,1200,0,2.8
102,PLAYING,1202,668,1204,1202,0,2.0
103,PLAYING,1193,686,1206,1193,-1,2.8
104,PLAYING,1195,690,1208,1195,-1,2.2
105,PLAYING,1195,694,1205,1195,-1,2.7
106,PLAYING,1197,698,1205,1197,-1,2.0
107,PLAYING,1197,702,1201,1197,0,2.8
108,PLAYING,1199,728,1199,1199,0,2.1
109,PLAYING,1199,732,1195,1199,0,3.2
110,PLAYING,1201,738,1193,1201,0,2.5
111,PLAYING,1201,742,1193,1201,0,2.4
112,PLAYING,1203,746,1193,1203,1,3.8
113,PLAYING,1215,761,1193,1215,1,2.1
114,PLAYING,1217,767,1195,1217,1,2.6
115,PLAYING,1217,769,1195,1217,1,2.1
116,PLAYING,1217,769,1195,1217,1,2.2
117,PLAYING,1219,773,1199,1219,1,2.9
118,PLAYING,1221,781,1205,1221,1,2.9
119,PLAYING,1241,783,1207,1241,1,2.3
120,PLAYING,1243,787,1207,1243,1,1.9
121,PLAYING,1243,791,1207,1243,1,2.3
122,PLAYING,1245,795,1207,1245,1,2.2
123,PLAYING,1245,801,1207,1245,1,2.2
124,PLAYING,1258,793,1207,1258,1,2.7
125,PLAYING,1258,797,1207,1258,1,2.5
126,PLAYING,1260,801,1207,1260,1,1.9
127,PLAYING,1260,805,1207,1260,1,2.7
128,PLAYING,1262,809,1207,1262,1,2.0
129,PLAYING,1263,796,1207,1263,1,3.1
130,PLAYING,1265,800,1207,1265,1,2.0
131,PLAYING,1265,806,1207,1265,1,3.5
132,PLAYING,1267,810,1207,1267,1,2.3
133,PLAYING,1267,814,1207,1267,1,3.0
134,PLAYING,1250,802,1207,1250,1,2.7
135,PLAYING,1250,806,1207,1250,1,2.3
136,PLAYING,1252,810,1207,1252,1,2.5
137,PLAYING,1252,814,1207,1252,1,2.1
138,PLAYING,1254,818,1207,1254,1,1.9
139,PLAYING,1240,826,1207,1240,1,2.5
140,PLAYING,1240,830,1207,1240,1,2.9
141,PLAYING,1240,834,1207,1240,1,3.3
142,PLAYING,1242,838,1207,1242,1,2.0
143,PLAYING,1263,839,1207,1263,1,3.1
144,PLAYING,1268,836,1210,1268,1,2.3
145,PLAYING,,,1211,,0,2.8
146,PLAYING,,,1211,,0,2.6
147,PLAYING,,,1212,,0,2.9
148,PLAYING,,,1212,,0,2.6
149,PLAYING,,,1213,,0,3.8
150,PLAYING,,,1212,,0,2.4
151,PLAYING,1270,846,1212,1270,1,2.8
152,PLAYING,1270,842,1212,1270,1,3.6
153,PLAYING,1270,838,1212,1270,1,3.2
154,PLAYING,1260,839,1212,1260,1,3.0
155,PLAYING,1260,833,1212,1260,1,2.3
156,PLAYING,1260,829,1212,1260,1,2.1
157,PLAYING,1259,825,1212,1259,1,2.5
158,PLAYING,1259,821,1212,1259,1,2.9
159,PLAYING,1240,813,1212,1240,1,2.5
160,PLAYING,1240,809,1212,1240,1,3.4
161,PLAYING,1240,805,1212,1240,1,4.2
162,PLAYING,1240,801,1212,1240,1,2.0
163,PLAYING,1238,797,1210,1238,1,2.7
164,PLAYING,1227,781,1210,1227,1,2.0
165,PLAYING,1227,775,1210,1227,1,3.3
166,PLAYING,1227,771,1210,1227,1,2.1
167,PLAYING,1227,767,1210,1227,1,3.2
168,PLAYING,1227,763,1210,1227,1,2.1
169,PLAYING,1224,740,1210,1224,1,3.0
170,PLAYING,1224,736,1210,1224,1,2.0
171,PLAYING,1224,732,1210,1224,1,3.3
172,PLAYING,1224,728,1210,1224,1,2.1
173,PLAYING,1224,724,1207,1224,1,2.9
174,PLAYING,1239,702,1207,1239,1,2.3
175,PLAYING,1238,698,1207,1238,1,2.5
176,PLAYING,1239,694,1207,1239,1,2.8
177,PLAYING,1240,690,1207,1240,1,3.7
178,PLAYING,1241,686,1207,1241,1,2.8
179,PLAYING,1250,678,1207,1250,1,2.8
180,PLAYING,1252,675,1207,1252,1,2.0
181,PLAYING,1252,672,1207,1252,1,2.9
182,PLAYING,1254,669,1207,1254,1,2.1
183,PLAYING,1254,663,1207,1254,1,2.6
184,PLAYING,1261,664,1207,1261,1,3.5
185,PLAYING,1262,662,1207,1262,1,2.4
186,PLAYING,1263,660,1207,1263,1,2.7
187,PLAYING,1262,658,1207,1262,1,2.8
188,PLAYING,1262,654,1207,1262,1,3.4
189,PLAYING,1263,671,1207,1263,1,3.2
190,PLAYING,1262,668,1207,1262,1,2.3
191,PLAYING,1262,664,1207,1262,1,3.3
192,PLAYING,1262,668,1208,1262,1,2.2
193,PLAYING,1263,671,1208,1263,1,2.8
194,PLAYING,1245,688,1208,1245,1,2.8
195,PLAYING,1244,694,1208,1244,1,2.8
196,PLAYING,1243,698,1208,1243,1,2.9
197,PLAYING,1242,703,1208,1242,1,2.2
198,PLAYING,1242,707,1208,1242,1,2.2
199,PLAYING,1227,709,1208,1227,1,2.5
200,PLAYING,1226,713,1208,1226,1,3.0
201,PLAYING,1226,717,1208,1226,1,3.8
202,PLAYING,1226,721,1208,1226,1,2.0
203,PLAYING,1226,727,1208,1226,1,3.0
204,PLAYING,1215,719,1208,1215,0,3.9
205,PLAYING,1215,723,1208,1215,0,3.4
206,PLAYING,1213,727,1208,1213,0,2.3
207,PLAYING,1213,733,1208,1213,0,2.6
208,PLAYING,1213,737,1208,1213,0,3.9
209,PLAYING,1212,724,1208,1212,0,3.3
210,PLAYING,1212,728,1208,1212,0,2.2
211,PLAYING,1212,732,1208,1212,0,2.2
212,PLAYING,1210,736,1208,1210,0,2.1
213,PLAYING,1210,742,1208,1210,0,4.1
214,PLAYING,1229,730,1208,1229,1,2.7
215,PLAYING,1229,734,1208,1229,1,2.8
216,PLAYING,1229,738,1207,1229,1,2.3
217,PLAYING,1229,744,1207,1229,1,2.4
218,PLAYING,1227,748,1207,1227,1,1.9
219,PLAYING,1243,754,1207,1243,1,2.8
220,PLAYING,1243,758,1207,1243,1,2.8
221,PLAYING,1243,762,1207,1243,1,1.9
222,PLAYING,1243,768,1207,1243,1,2.1
223,PLAYING,1252,784,1207,1252,1,3.0
224,PLAYING,1250,788,1207,1250,1,2.8
225,PLAYING,1250,792,1207,1250,1,2.4
226,PLAYING,1250,798,1207,1250,1,1.8
227,PLAYING,1250,802,1207,1250,1,2.5
228,PLAYING,1250,806,1207,1250,1,2.3
229,PLAYING,1250,832,1207,1250,1,2.2
230,PLAYING,1248,836,1207,1248,1,2.0
231,PLAYING,1249,842,1208,1249,1,3.1
232,PLAYING,1250,843,1209,1250,1,4.5
233,PLAYING,1252,844,1210,1252,1,3.1
234,PLAYING,,,1212,,0,3.4
235,PLAYING,,,1212,,0,2.9
236,PLAYING,,,1211,,0,2.5
237,PLAYING,,,1211,,0,3.4
238,PLAYING,,,1211,,0,2.5
239,PLAYING,,,1212,,0,2.4
240,PLAYING,,,1212,,0,2.8
241,PLAYING,,,1212,,0,2.9
242,PLAYING,,,1213,,0,2.7
243,PLAYING,1204,845,1212,1204,0,2.6
244,PLAYING,1207,843,1212,1207,0,2.9
245,PLAYING,1209,841,1212,1209,0,2.8
246,PLAYING,1210,839,1212,1210,0,2.3
247,PLAYING,1213,836,1212,1213,0,2.5
248,PLAYING,1213,833,1212,1213,0,2.5
249,PLAYING,1214,812,1212,1214,0,2.2
250,PLAYING,1216,806,1212,1216,0,2.6
251,PLAYING,1216,802,1212,1216,0,2.6
252,PLAYING,1218,798,1212,1218,0,2.0
253,PLAYING,1237,778,1212,1237,1,3.6
254,PLAYING,1239,774,1212,1239,1,3.1
255,PLAYING,1241,768,1211,1241,1,2.5
256,PLAYING,1241,766,1211,1241,1,3.0
257,PLAYING,1243,760,1211,1243,1,2.9
258,PLAYING,1259,758,1210,1259,1,2.1
259,PLAYING,1260,753,1210,1260,1,2.6
260,PLAYING,1262,749,1210,1262,1,2.0
261,PLAYING,1262,745,1210,1262,1,3.3
262,PLAYING,1263,741,1210,1263,1,2.7
263,PLAYING,,,1210,,0,3.0
264,PLAYING,,,1210,,0,2.4
265,PLAYING,1268,728,1210,1268,1,2.9
266,PLAYING,1268,724,1210,1268,1,2.4
267,PLAYING,1269,723,1210,1269,1,2.1
268,PLAYING,1269,755,1207,1269,1,1.8
269,PLAYING,1268,751,1207,1268,1,2.0
270,PLAYING,1267,745,1207,1267,1,2.4
271,PLAYING,1267,739,1207,1267,1,2.3
272,PLAYING,1266,733,1207,1266,1,2.8
273,PLAYING,1252,739,1207,1252,1,2.6
274,PLAYING,1255,733,1207,1255,1,3.5
275,PLAYING,1255,728,1207,1255,1,2.0
276,PLAYING,1257,724,1207,1257,1,2.7
277,PLAYING,1238,723,1207,1238,1,2.2
278,PLAYING,1225,715,1207,1225,1,2.9
279,PLAYING,1225,711,1207,1225,1,2.2
280,PLAYING,1224,707,1207,1224,1,3.1
281,PLAYING,1224,703,1207,1224,1,2.2
282,PLAYING,1222,697,1207,1222,1,3.5
283,PLAYING,1209,683,1207,1209,0,3.5
284,PLAYING,1209,677,1207,1209,0,2.4
285,PLAYING,1207,673,1208,1207,0,2.9
286,PLAYING,1207,669,1208,1207,0,3.5
287,PLAYING,1205,665,1208,1205,0,2.7
288,PLAYING,1202,644,1208,1202,0,3.5
289,PLAYING,1201,648,1208,1201,0,1.8
290,PLAYING,1200,654,1208,1200,0,3.1
291,PLAYING,1200,658,1208,1200,0,2.6
292,PLAYING,1198,662,1208,1198,-1,2.5
293,PLAYING,1214,650,1208,1214,0,3.4
294,PLAYING,1215,654,1205,1215,1,4.0
295,PLAYING,1213,658,1205,1213,0,2.9
296,PLAYING,1213,662,1207,1213,0,3.3
297,PLAYING,1211,668,1208,1211,0,1.9
298,PLAYING,1225,674,1208,1225,1,5.6
299,PLAYING,1225,678,1208,1225,1,1.9
300,PLAYING,1223,682,1207,1223,1,2.9
301,PLAYING,1223,686,1207,1223,1,2.6
302,PLAYING,1221,692,1207,1221,1,2.4
303,PLAYING,1228,706,1207,1228,1,3.5
304,PLAYING,1228,712,1207,1228,1,3.2
305,PLAYING,1226,716,1207,1226,1,2.1
306,PLAYING,1224,720,1207,1224,1,3.2
307,PLAYING,1224,724,1207,1224,1,3.1
308,PLAYING,1222,750,1207,1222,1,3.3
309,PLAYING,1222,754,1207,1222,1,3.6
310,PLAYING,1220,760,1207,1220,1,2.6
311,PLAYING,1220,764,1207,1220,1,1.7
312,PLAYING,1218,768,1207,1218,1,2.2
313,PLAYING,1204,783,1207,1204,0,2.2
314,PLAYING,1204,789,1207,1204,0,3.8
315,PLAYING,1202,793,1208,1202,0,2.1
316,PLAYING,1200,797,1208,1200,-1,2.9
317,PLAYING,1200,801,1208,1200,-1,2.5
318,PLAYING,1178,803,1205,1178,-1,3.5
319,PLAYING,1178,807,1205,1178,-1,2.3
320,PLAYING,1176,811,1201,1176,-1,1.9
321,PLAYING,1174,815,1199,1174,-1,1.9
322,PLAYING,1174,821,1195,1174,-1,3.9
323,PLAYING,1161,813,1191,1161,-1,2.0
324,PLAYING,1161,817,1187,1161,-1,3.0
325,PLAYING,1159,821,1183,1159,-1,2.0
326,PLAYING,1157,827,1179,1157,-1,3.4
327,PLAYING,1157,831,1175,1157,-1,2.6
328,PLAYING,1154,818,1171,1154,-1,3.2
329,PLAYING,1154,822,1167,1154,-1,2.8
330,PLAYING,1152,826,1161,1152,-1,3.3
331,PLAYING,1150,830,1157,1150,0,3.0
332,PLAYING,1150,835,1151,1150,0,2.3
333,PLAYING,1167,824,1147,1167,1,2.7
334,PLAYING,1165,828,1145,1165,1,2.7
335,PLAYING,1165,832,1145,1165,1,2.4
336,PLAYING,1163,836,1147,1163,1,2.1
337,PLAYING,1172,838,1151,1172,1,2.0
338,PLAYING,1154,836,1156,1154,0,4.2
339,PLAYING,1154,832,1158,1154,0,1.8
340,PLAYING,1152,826,1163,1152,-1,3.4
341,PLAYING,1150,822,1166,1150,-1,1.8
342,PLAYING,1148,818,1164,1148,-1,3.6
343,PLAYING,1139,826,1162,1139,-1,2.1
344,PLAYING,1137,822,1160,1137,-1,2.2
345,PLAYING,1135,818,1156,1135,-1,1.8
346,PLAYING,1135,812,1154,1135,-1,3.1
347,PLAYING,1133,808,1150,1133,-1,2.7
348,PLAYING,1131,826,1146,1131,-1,4.0
349,PLAYING,1129,822,1142,1129,-1,2.7
350,PLAYING,1129,818,1138,1129,-1,3.6
351,PLAYING,1127,814,1134,1127,0,2.9
352,PLAYING,1125,810,1130,1125,0,2.1
353,PLAYING,1137,815,1126,1137,1,3.6
354,PLAYING,1135,811,1124,1135,1,3.8
355,PLAYING,1133,807,1124,1133,1,2.7
356,PLAYING,1133,803,1124,1133,1,2.2
357,PLAYING,1131,799,1126,1131,0,2.9
358,PLAYING,1149,793,1130,1149,1,3.2
359,PLAYING,1147,787,1133,1147,1,2.8
360,PLAYING,1147,783,1136,1147,1,1.9
361,PLAYING,1145,779,1140,1145,0,2.3
362,PLAYING,1143,775,1144,1143,0,2.7
363,PLAYING,1154,759,1149,1154,0,1.8
364,PLAYING,1152,755,1151,1152,0,3.9
365,PLAYING,1150,751,1153,1150,0,1.9
366,PLAYING,1148,745,1150,1148,0,2.8
367,PLAYING,1148,741,1150,1148,0,3.1
368,PLAYING,1147,720,1150,1147,0,2.0
369,PLAYING,1145,716,1150,1145,0,2.8
370,PLAYING,1143,712,1150,1143,0,3.6
371,PLAYING,1143,708,1150,1143,0,1.9
372,PLAYING,1141,702,1150,1141,-1,4.3
373,PLAYING,1120,682,1150,1120,-1,1.8
374,PLAYING,1120,678,1149,1120,-1,3.1
375,PLAYING,1118,674,1147,1118,-1,2.7
376,PLAYING,1116,670,1145,1116,-1,3.2
377,PLAYING,1116,666,1141,1116,-1,2.8
378,PLAYING,1098,662,1137,1098,-1,2.4
379,PLAYING,1096,658,1133,1096,-1,2.6
380,PLAYING,1094,654,1131,1094,-1,2.4
381,PLAYING,1094,650,1127,1094,-1,2.5
382,PLAYING,1092,646,1121,1092,-1,2.5
383,PLAYING,1081,654,1119,1081,-1,2.7
384,PLAYING,1081,650,1113,1081,-1,3.7
385,PLAYING,1079,644,1109,1079,-1,2.9
386,PLAYING,1119,643,1105,1119,1,2.9
387,PLAYING,1119,646,1099,1119,1,1.8
388,PLAYING,1116,672,1100,1116,1,3.6
389,PLAYING,1114,676,1102,1114,1,1.9
390,PLAYING,1114,682,1104,1114,1,2.9
391,PLAYING,1112,686,1108,1112,0,3.4
392,PLAYING,1110,690,1110,1110,0,2.4
393,PLAYING,1096,705,1115,1096,-1,3.0
394,PLAYING,1096,709,1117,1096,-1,2.1
395,PLAYING,1094,715,1115,1094,-1,3.0
396,PLAYING,1092,717,1115,1092,-1,3.3
397,PLAYING,1092,723,1111,1092,-1,2.5
398,PLAYING,1070,725,1107,1070,-1,2.7
399,PLAYING,1068,729,1105,1068,-1,2.1
400,PLAYING,1066,733,1101,1066,-1,2.4
401,PLAYING,1066,737,1097,1066,-1,2.6
402,PLAYING,1064,743,1093,1064,-1,3.7
403,PLAYING,1051,735,1089,1051,-1,1.8
404,PLAYING,1051,739,1085,1051,-1,3.9
405,PLAYING,1049,743,1081,1049,-1,1.9
406,PLAYING,1047,747,1077,1047,-1,3.9
407,PLAYING,1045,751,1071,1045,-1,2.0
408,PLAYING,1044,738,1067,1044,-1,2.6
409,PLAYING,1042,742,1063,1042,-1,2.7
410,PLAYING,1040,748,1057,1040,-1,3.7
411,PLAYING,1040,752,1051,1040,-1,2.9
412,PLAYING,1038,756,1047,1038,-1,2.4
413,PLAYING,1055,744,1041,1055,1,3.1
414,PLAYING,1053,750,1035,1053,1,1.9
415,PLAYING,1053,754,1034,1053,1,3.0
416,PLAYING,1051,758,1036,1051,1,3.4
417,PLAYING,1049,762,1038,1049,1,2.0
418,PLAYING,1065,768,1042,1065,1,3.0
419,PLAYING,1063,772,1046,1063,1,2.2
420,PLAYING,1061,776,1050,1061,1,3.3
421,PLAYING,1059,780,1054,1059,0,2.6
422,PLAYING,1059,786,1060,1059,0,2.6
423,PLAYING,1066,802,1065,1066,0,2.8
424,PLAYING,1064,806,1067,1064,0,4.3
425,PLAYING,1064,810,1069,1064,0,2.1
426,PLAYING,1062,814,1071,1062,-1,3.7
427,PLAYING,1060,818,1071,1060,-1,1.8
428,PLAYING,1060,843,1070,1060,-1,2.2
429,PLAYING,1062,844,1068,1062,0,2.8
430,PLAYING,,,1064,,0,3.6
431,PLAYING,,,1064,,0,2.2
432,PLAYING,,,1062,,0,3.4
433,PLAYING,,,1061,,0,1.9
434,PLAYING,,,1060,,0,3.2
435,PLAYING,,,1055,,0,2.1
436,PLAYING,,,1055,,0,2.2
437,PLAYING,,,1056,,0,1.9
438,PLAYING,,,1058,,0,2.2
439,PLAYING,,,1057,,0,2.5
440,PLAYING,,,1056,,0,2.5
441,PLAYING,,,1055,,0,2.1
442,PLAYING,,,1056,,0,3.8
443,PLAYING,1035,837,1058,1035,-1,3.7
444,PLAYING,1032,834,1059,1032,-1,3.1
445,PLAYING,1030,831,1058,1030,-1,2.4
446,PLAYING,1026,825,1056,1026,-1,2.6
447,PLAYING,1024,823,1054,1024,-1,2.8
448,PLAYING,1023,802,1050,1023,-1,3.6
449,PLAYING,1021,798,1046,1021,-1,2.0
450,PLAYING,1019,792,1040,1019,-1,2.5
451,PLAYING,1017,790,1036,1017,-1,2.7
452,PLAYING,1015,786,1032,1015,-1,3.9
453,PLAYING,994,766,1028,994,-1,2.0
454,PLAYING,992,760,1024,992,-1,2.8
455,PLAYING,990,756,1020,990,-1,2.6
456,PLAYING,988,752,1014,988,-1,2.1
457,PLAYING,984,748,1010,984,-1,2.9
458,PLAYING,966,746,1004,966,-1,3.3
459,PLAYING,964,742,998,964,-1,2.3
460,PLAYING,962,738,992,962,-1,3.8
461,PLAYING,960,734,986,960,-1,2.5
462,PLAYING,958,730,980,958,-1,3.2
463,PLAYING,947,738,974,947,-1,3.2
464,PLAYING,945,734,968,945,-1,2.3
465,PLAYING,943,730,965,943,-1,2.0
466,PLAYING,939,726,957,939,-1,2.6
467,PLAYING,937,722,951,937,-1,2.6
468,PLAYING,935,740,945,935,-1,4.2
469,PLAYING,933,736,937,933,0,3.6
470,PLAYING,931,732,929,931,0,3.2
471,PLAYING,929,728,925,929,0,3.2
472,PLAYING,927,724,919,927,0,3.2
473,PLAYING,937,731,913,937,1,2.7
474,PLAYING,935,727,909,935,1,3.1
475,PLAYING,933,723,911,933,1,3.1
476,PLAYING,931,719,911,931,1,3.3
477,PLAYING,927,715,915,927,1,5.5
478,PLAYING,945,709,919,945,1,2.0
479,PLAYING,943,705,921,943,1,2.8
480,PLAYING,941,701,925,941,1,2.7
481,PLAYING,939,697,929,939,1,2.0
482,PLAYING,937,693,933,937,0,2.8
483,PLAYING,946,677,937,946,1,3.2
484,PLAYING,944,673,940,944,0,2.7
485,PLAYING,942,669,943,942,0,2.3
486,PLAYING,938,665,948,938,-1,2.5
487,PLAYING,936,661,950,936,-1,3.6
488,PLAYING,935,640,949,935,-1,2.1
489,PLAYING,933,636,947,933,-1,2.0
490,PLAYING,931,632,943,931,-1,3.1
491,PLAYING,929,628,941,929,-1,2.0
492,PLAYING,927,624,937,927,-1,3.4
493,PLAYING,910,604,933,910,-1,2.8
494,PLAYING,912,600,927,912,-1,2.2
495,PLAYING,914,596,923,914,-1,3.8
496,PLAYING,916,592,919,916,0,3.1
497,PLAYING,920,588,913,920,0,2.4
498,PLAYING,906,584,909,906,0,2.5
499,PLAYING,908,582,907,908,0,2.8
500,PLAYING,910,578,903,910,0,2.4
501,PLAYING,912,574,903,912,1,2.7
502,PLAYING,914,568,901,914,1,3.2
503,PLAYING,907,578,903,907,0,3.3
504,PLAYING,909,574,903,909,0,2.6
505,PLAYING,911,570,906,911,0,2.0
506,PLAYING,915,564,906,915,1,2.7
507,PLAYING,917,562,906,917,1,1.8
508,PLAYING,919,578,905,919,1,2.9
509,PLAYING,921,576,907,921,1,2.4
510,PLAYING,923,570,909,923,1,2.9
511,PLAYING,925,568,913,925,1,3.3
512,PLAYING,927,564,917,927,1,2.8
513,PLAYING,941,569,919,941,1,1.9
514,PLAYING,943,565,925,943,1,3.3
515,PLAYING,945,561,927,945,1,1.9
516,PLAYING,947,557,931,947,1,2.9
517,PLAYING,951,553,937,951,1,2.4
518,PLAYING,973,547,941,973,1,2.5
519,PLAYING,975,543,945,975,1,4.1
520,PLAYING,977,539,949,977,1,2.4
521,PLAYING,979,535,955,979,1,2.1
522,PLAYING,981,531,959,981,1,2.4
523,PLAYING,994,515,965,994,1,2.0
524,PLAYING,996,511,969,996,1,1.9
525,PLAYING,998,507,975,998,1,2.1
526,PLAYING,1002,503,981,1002,1,3.0
527,PLAYING,1004,499,987,1004,1,2.0
528,PLAYING,1007,478,991,1007,1,2.5
529,PLAYING,1009,474,997,1009,1,1.9
530,PLAYING,1011,470,1005,1011,0,4.7
531,PLAYING,1013,466,1009,1013,0,2.9
532,PLAYING,1015,462,1016,1015,0,3.5
533,PLAYING,998,442,1020,998,-1,2.4
534,PLAYING,1000,438,1024,1000,-1,3.9
535,PLAYING,1002,434,1023,1002,-1,2.9
536,PLAYING,1004,430,1021,1004,-1,2.1
537,PLAYING,1008,426,1019,1008,-1,2.5
538,PLAYING,994,424,1015,994,-1,3.2
539,PLAYING,996,420,1011,996,-1,3.0
540,PLAYING,998,416,1007,998,-1,2.9
541,PLAYING,1000,412,1003,1000,0,4.4
542,PLAYING,993,420,997,993,0,3.1
543,PLAYING,995,416,995,995,0,3.6
544,PLAYING,997,412,991,997,0,3.8
545,PLAYING,999,408,989,999,1,2.5
546,PLAYING,1003,404,989,1003,1,3.2
547,PLAYING,1005,400,989,1005,1,2.2
548,PLAYING,1007,418,991,1007,1,3.7
549,PLAYING,1009,414,993,1009,1,2.9
550,PLAYING,1011,410,997,1011,1,2.1
551,PLAYING,1013,406,999,1013,1,2.3
552,PLAYING,1015,402,1003,1015,1,1.7
553,PLAYING,1029,409,1007,1029,1,2.6
554,PLAYING,1031,403,1011,1031,1,3.0
555,PLAYING,1033,401,1015,1033,1,2.4
556,PLAYING,1035,397,1019,1035,1,2.0
557,PLAYING,1037,393,1023,1037,1,2.0
558,PLAYING,1061,385,1029,1061,1,2.5
559,PLAYING,1063,383,1033,1063,1,3.3
560,PLAYING,1065,379,1037,1065,1,2.6
561,PLAYING,1067,375,1043,1067,1,1.9
562,PLAYING,1080,357,1047,1080,1,3.0
563,PLAYING,1082,355,1053,1082,1,1.9
564,PLAYING,1084,351,1057,1084,1,3.4
565,PLAYING,1086,347,1063,1086,1,3.0
566,PLAYING,1088,341,1069,1088,1,1.9
567,PLAYING,1093,320,1075,1093,1,3.5
568,PLAYING,1095,316,1081,1095,1,2.0
569,PLAYING,1097,312,1087,1097,1,3.0
570,PLAYING,1099,308,1093,1099,0,3.7
571,PLAYING,1100,309,1099,1100,0,2.8
572,PLAYING,1091,299,1106,1091,-1,2.4
573,PLAYING,1091,302,1110,1091,-1,3.8
574,PLAYING,1093,305,1109,1093,-1,1.7
575,PLAYING,1093,309,1107,1093,-1,2.1
576,PLAYING,1091,312,1105,1091,-1,1.9
577,PLAYING,1076,316,1101,1076,-1,2.9
578,PLAYING,1074,320,1097,1074,-1,2.1
579,PLAYING,1072,324,1093,1072,-1,1.8
580,PLAYING,1070,328,1089,1070,-1,2.7
581,PLAYING,1068,332,1083,1068,-1,2.9
582,PLAYING,1057,348,1079,1057,-1,2.0
583,PLAYING,1053,352,1075,1053,-1,2.0
584,PLAYING,1051,356,1069,1051,-1,2.6
585,PLAYING,1049,360,1065,1049,-1,2.8
586,PLAYING,1047,364,1059,1047,-1,2.6
587,PLAYING,1045,390,1055,1045,-1,1.8
588,PLAYING,1043,394,1049,1043,0,2.4
589,PLAYING,1041,398,1043,1041,0,1.9
590,PLAYING,1039,402,1037,1039,0,2.3
591,PLAYING,1037,406,1035,1037,0,1.9
592,PLAYING,1047,421,1031,1047,1,3.2
593,PLAYING,1043,425,1029,1043,1,4.0
594,PLAYING,1041,429,1029,1041,1,2.2
595,PLAYING,1039,433,1031,1039,1,4.8
596,PLAYING,1037,437,1033,1037,0,3.0
597,PLAYING,1055,439,1037,1055,1,4.1
598,PLAYING,1053,443,1040,1053,1,3.1
599,PLAYING,1051,447,1043,1051,0,2.5
600,PLAYING,1057,445,1047,1057,1,2.1
601,PLAYING,1053,442,1050,1053,0,3.3
602,PLAYING,1057,426,1053,1057,0,2.9
603,PLAYING,1055,423,1058,1055,0,3.3
604,PLAYING,1052,420,1060,1052,0,2.7
605,PLAYING,1050,417,1062,1050,-1,4.9
606,PLAYING,1048,413,1062,1048,-1,1.8
607,PLAYING,1047,392,1061,1047,-1,3.3
608,PLAYING,1045,388,1059,1045,-1,1.9
609,PLAYING,1041,384,1055,1041,-1,3.3
610,PLAYING,1039,380,1053,1039,-1,2.8
611,PLAYING,1037,376,1049,1037,-1,1.9
612,PLAYING,1016,356,1045,1016,-1,3.0
613,PLAYING,1014,350,1041,1014,-1,3.7
614,PLAYING,1012,348,1037,1012,-1,1.9
615,PLAYING,1010,344,1033,1010,-1,3.0
616,PLAYING,1008,340,1029,1008,-1,2.0
617,PLAYING,990,336,1025,990,-1,3.6
618,PLAYING,988,334,1021,988,-1,2.4
619,PLAYING,986,330,1015,986,-1,1.9
620,PLAYING,982,326,1011,982,-1,2.2
621,PLAYING,980,320,1005,980,-1,4.1
622,PLAYING,969,328,1001,969,-1,2.0
623,PLAYING,967,324,995,967,-1,2.1
624,PLAYING,965,320,991,965,-1,2.5
625,PLAYING,963,316,985,963,-1,3.2
626,PLAYING,961,312,979,961,-1,1.8
627,PLAYING,959,330,973,959,-1,3.0
628,PLAYING,957,326,967,957,-1,1.9
629,PLAYING,955,322,961,955,0,2.6
630,PLAYING,953,318,955,953,0,2.4
631,PLAYING,949,314,949,949,0,1.9
632,PLAYING,959,321,945,959,1,3.9
633,PLAYING,957,317,941,957,1,2.9
634,PLAYING,955,313,943,955,1,2.1
635,PLAYING,953,309,945,953,1,2.1
636,PLAYING,951,305,947,951,0,3.1
637,PLAYING,969,299,951,969,1,3.1
638,PLAYING,967,295,954,967,1,2.4
639,PLAYING,965,291,955,965,1,2.2
640,PLAYING,963,287,959,963,0,3.3
641,PLAYING,959,283,963,959,0,2.9
642,PLAYING,968,267,968,968,0,2.2
643,PLAYING,966,263,968,966,0,2.5
644,PLAYING,964,259,970,964,0,2.1
645,PLAYING,962,255,970,962,-1,6.2
646,PLAYING,960,251,970,960,-1,3.2
647,PLAYING,959,230,969,959,-1,3.2
648,PLAYING,957,226,967,957,-1,1.9
649,PLAYING,955,222,965,955,-1,3.4
650,PLAYING,953,218,961,953,0,3.9
651,PLAYING,951,216,957,951,0,4.0
652,PLAYING,919,192,955,919,-1,3.0
653,PLAYING,945,203,953,945,0,5.2
654,PLAYING,945,206,951,945,0,3.2
655,PLAYING,947,209,949,947,0,3.4
656,PLAYING,949,214,949,949,0,2.8
657,PLAYING,930,218,949,930,-1,3.3
658,PLAYING,932,222,949,932,-1,2.1
659,PLAYING,934,226,947,934,-1,3.6
660,PLAYING,936,230,945,936,-1,2.3
661,PLAYING,938,234,943,938,0,3.4
662,PLAYING,931,250,941,931,-1,2.7
663,PLAYING,933,254,937,933,0,4.3
664,PLAYING,935,258,935,935,0,3.3
665,PLAYING,939,262,931,939,0,2.5
666,PLAYING,939,266,931,939,0,2.0
667,PLAYING,943,292,929,943,1,3.4
668,PLAYING,945,296,929,945,1,2.5
669,PLAYING,947,302,931,947,1,3.0
670,PLAYING,949,304,933,949,1,2.7
671,PLAYING,951,308,935,951,1,2.5
672,PLAYING,965,323,939,965,1,2.6
673,PLAYING,967,329,941,967,1,3.3
674,PLAYING,969,331,945,969,1,2.0
675,PLAYING,971,335,949,971,1,2.8
676,PLAYING,973,339,953,973,1,3.0
677,PLAYING,997,343,957,997,1,3.4
678,PLAYING,999,345,961,999,1,3.2
679,PLAYING,1001,349,965,1001,1,2.8
680,PLAYING,1003,353,969,1003,1,1.9
681,PLAYING,1005,359,975,1005,1,3.2
682,PLAYING,1018,349,979,1018,1,3.5
683,PLAYING,1020,353,983,1020,1,3.6
684,PLAYING,1022,357,989,1022,1,2.5
685,PLAYING,1024,363,995,1024,1,2.9
686,PLAYING,1026,365,999,1026,1,2.9
687,PLAYING,1029,352,1005,1029,1,2.9
688,PLAYING,1033,356,1011,1033,1,2.0
689,PLAYING,1035,362,1017,1035,1,3.2
690,PLAYING,1037,364,1021,1037,1,2.6
691,PLAYING,1039,370,1027,1039,1,3.4
692,PLAYING,1022,358,1033,1022,-1,3.0
693,PLAYING,1024,362,1041,1024,-1,3.6
694,PLAYING,1026,366,1042,1026,-1,2.4
695,PLAYING,1028,370,1040,1028,-1,3.0
696,PLAYING,1030,374,1038,1030,0,3.8
697,PLAYING,1018,380,1034,1018,-1,3.5
698,PLAYING,1020,384,1032,1020,-1,3.3
699,PLAYING,1022,388,1027,1022,0,3.4
700,PLAYING,1024,392,1023,1024,0,2.0
701,PLAYING,1026,396,1020,1026,0,3.4
702,PLAYING,1019,412,1019,1019,0,2.6
703,PLAYING,1021,416,1016,1021,0,3.1
704,PLAYING,1023,420,1016,1023,0,2.9
705,PLAYING,1025,424,1017,1025,0,2.7
706,PLAYING,1027,428,1017,1027,1,3.1
707,PLAYING,1029,454,1017,1029,1,3.8
708,PLAYING,1033,458,1019,1033,1,2.0
709,PLAYING,1035,462,1021,1035,1,3.2
710,PLAYING,1077,464,1024,1077,1,3.6
711,PLAYING,1078,460,1025,1078,1,3.0
712,PLAYING,1072,465,1029,1072,1,3.4
713,PLAYING,1074,462,1033,1074,1,3.0
714,PLAYING,1077,457,1037,1077,1,2.5
715,PLAYING,1076,455,1041,1076,1,3.3
716,PLAYING,1078,451,1045,1078,1,2.8
717,PLAYING,1060,445,1049,1060,1,3.4
718,PLAYING,1062,441,1053,1062,1,3.3
719,PLAYING,1064,437,1057,1064,0,3.8
720,PLAYING,1067,434,1063,1067,0,2.0
721,PLAYING,1069,430,1068,1069,0,4.0
722,PLAYING,1057,409,1070,1057,-1,2.7
723,PLAYING,1060,406,1072,1060,-1,3.1
724,PLAYING,1065,405,1069,1065,0,2.3
725,PLAYING,1067,401,1067,1067,0,2.9
726,PLAYING,1069,397,1067,1069,0,3.3
727,PLAYING,1070,376,1067,1070,0,2.1
728,PLAYING,1072,372,1067,1072,0,2.9
729,PLAYING,1074,366,1067,1074,0,2.2
730,PLAYING,1076,364,1067,1076,1,2.7
731,PLAYING,1078,360,1067,1078,1,3.2
732,PLAYING,1101,338,1067,1101,1,2.4
733,PLAYING,1103,334,1069,1103,1,3.0
734,PLAYING,1105,330,1073,1105,1,2.1
735,PLAYING,1107,326,1075,1107,1,4.7
736,PLAYING,1107,326,1079,1107,1,2.3
737,PLAYING,1121,324,1083,1121,1,2.4
738,PLAYING,1119,320,1087,1119,1,2.1
739,PLAYING,1117,316,1091,1117,1,2.4
740,PLAYING,1115,312,1095,1115,1,2.8
741,PLAYING,1111,308,1099,1111,1,2.3
742,PLAYING,1118,316,1103,1118,1,2.5
743,PLAYING,1116,312,1109,1116,0,3.1
744,PLAYING,1114,308,1113,1114,0,2.1
745,PLAYING,1112,304,1118,1112,0,3.0
746,PLAYING,1110,300,1120,1110,-1,3.3
747,PLAYING,1108,318,1122,1108,-1,3.4
748,PLAYING,1106,314,1121,1106,-1,2.2
749,PLAYING,1104,310,1119,1104,-1,2.0
750,PLAYING,1102,306,1117,1102,-1,2.3
751,PLAYING,1100,304,1113,1100,-1,2.6
752,PLAYING,1086,319,1109,1086,-1,3.0
753,PLAYING,1084,323,1105,1084,-1,2.6
754,PLAYING,1082,327,1103,1082,-1,1.8
755,PLAYING,1080,331,1099,1080,-1,3.8
756,PLAYING,1078,335,1095,1078,-1,2.0
757,PLAYING,1056,337,1091,1056,-1,3.2
758,PLAYING,1052,341,1085,1052,-1,2.3
759,PLAYING,1050,345,1081,1050,-1,2.9
760,PLAYING,1048,349,1077,1048,-1,2.1
761,PLAYING,1046,353,1071,1046,-1,3.0
762,PLAYING,1033,345,1067,1033,-1,2.2
763,PLAYING,1031,349,1063,1031,-1,2.1
764,PLAYING,1029,353,1057,1029,-1,2.6
765,PLAYING,1027,357,1051,1027,-1,3.8
766,PLAYING,1025,361,1047,1025,-1,2.3
767,PLAYING,1022,348,1041,1022,-1,3.7
768,PLAYING,1018,352,1035,1018,-1,1.9
769,PLAYING,1016,358,1029,1016,-1,2.9
770,PLAYING,1014,362,1023,1014,-1,3.4
771,PLAYING,1012,366,1017,1012,0,3.4
772,PLAYING,1029,354,1011,1029,1,2.4
773,PLAYING,1027,358,1005,1027,1,2.4
774,PLAYING,1025,362,1005,1025,1,2.4
775,PLAYING,1023,366,1007,1023,1,3.4
776,PLAYING,1021,370,1009,1021,1,2.8
777,PLAYING,1033,376,1013,1033,1,2.1
778,PLAYING,1031,380,1017,1031,1,2.4
779,PLAYING,1029,384,1021,1029,0,3.0
780,PLAYING,1027,388,1025,1027,0,2.9
781,PLAYING,1025,392,1030,1025,0,2.4
782,PLAYING,1032,408,1032,1032,0,2.4
783,PLAYING,1030,412,1034,1030,0,4.3
784,PLAYING,1028,416,1036,1028,0,3.8
785,PLAYING,1026,420,1036,1026,-1,3.3
786,PLAYING,1024,424,1036,1024,-1,3.5
787,PLAYING,1020,450,1033,1020,-1,2.7
788,PLAYING,1018,454,1033,1018,-1,3.1
789,PLAYING,1016,458,1029,1016,-1,1.9
790,PLAYING,1014,462,1027,1014,-1,2.0
791,PLAYING,1012,466,1023,1012,-1,2.3
792,PLAYING,998,481,1019,998,-1,2.5
793,PLAYING,996,485,1014,996,-1,2.9
794,PLAYING,994,489,1009,994,-1,3.1
795,PLAYING,992,493,1006,992,-1,3.1
796,PLAYING,990,497,999,990,-1,1.9
797,PLAYING,966,499,993,966,-1,2.7
798,PLAYING,964,503,989,964,-1,2.9
799,PLAYING,962,507,985,962,-1,2.3
800,PLAYING,960,511,979,960,-1,2.7
801,PLAYING,958,515,973,958,-1,3.3
802,PLAYING,945,507,967,945,-1,3.0
803,PLAYING,943,511,961,943,-1,2.3
804,PLAYING,941,515,955,941,-1,1.8
805,PLAYING,939,519,949,939,-1,2.8
806,PLAYING,937,523,943,937,0,2.4
807,PLAYING,934,510,937,934,0,3.0
808,PLAYING,930,514,931,930,0,1.8
809,PLAYING,928,518,927,928,0,2.4
810,PLAYING,926,522,923,926,0,2.9
811,PLAYING,924,526,919,924,0,2.1
812,PLAYING,941,514,917,941,1,2.5
813,PLAYING,939,518,917,939,1,3.2
814,PLAYING,937,522,917,937,1,1.9
815,PLAYING,935,526,919,935,1,3.9
816,PLAYING,933,530,921,933,1,2.0
817,PLAYING,947,536,925,947,1,4.0
818,PLAYING,945,540,927,945,1,1.8
819,PLAYING,941,544,931,941,1,3.3
820,PLAYING,939,548,935,939,0,3.0
821,PLAYING,937,552,939,937,0,3.2
822,PLAYING,944,570,944,944,0,2.0
823,PLAYING,942,572,946,942,0,3.0
824,PLAYING,940,578,946,940,0,1.8
825,PLAYING,938,582,948,938,-1,3.2
826,PLAYING,936,584,948,936,-1,2.6
827,PLAYING,934,612,945,934,-1,3.0
828,PLAYING,932,616,943,932,-1,2.6
829,PLAYING,928,620,941,928,-1,1.9
830,PLAYING,926,624,939,926,-1,2.6
831,PLAYING,924,628,933,924,-1,2.3
832,PLAYING,912,639,929,912,-1,1.9
833,PLAYING,914,643,925,914,-1,3.2
834,PLAYING,916,647,921,916,0,2.6
835,PLAYING,918,651,915,918,0,2.7
836,PLAYING,922,655,911,922,1,2.4
837,PLAYING,904,657,909,904,0,3.0
838,PLAYING,906,661,909,906,0,2.9
839,PLAYING,908,665,910,908,0,3.4
840,PLAYING,910,669,910,910,0,1.8
841,PLAYING,912,673,910,912,0,3.3
842,PLAYING,903,665,910,903,0,2.0
843,PLAYING,905,669,910,905,0,2.8
844,PLAYING,907,673,910,907,0,1.8
845,PLAYING,909,677,910,909,0,3.2
846,PLAYING,911,681,910,911,0,2.3
847,PLAYING,914,668,910,914,0,3.2
848,PLAYING,916,672,910,916,0,2.1
849,PLAYING,918,676,910,918,0,3.5
850,PLAYING,920,680,910,920,1,2.3
851,PLAYING,922,684,910,922,1,4.7
852,PLAYING,943,672,911,943,1,2.9
853,PLAYING,945,678,911,945,1,3.1
854,PLAYING,947,680,915,947,1,2.0
855,PLAYING,949,684,917,949,1,2.7
856,PLAYING,951,688,921,951,1,1.7
857,PLAYING,971,696,927,971,1,2.0
858,PLAYING,973,700,931,973,1,3.2
859,PLAYING,975,704,935,975,1,2.5
860,PLAYING,977,708,941,977,1,2.6
861,PLAYING,979,712,945,979,1,2.8
862,PLAYING,990,728,951,990,1,2.2
863,PLAYING,992,732,955,992,1,3.5
864,PLAYING,994,736,961,994,1,1.9
865,PLAYING,996,740,967,996,1,2.2
866,PLAYING,998,744,971,998,1,2.4
867,PLAYING,1002,770,977,1002,1,2.2
868,PLAYING,1004,774,983,1004,1,1.8
869,PLAYING,1006,778,989,1006,1,2.8
870,PLAYING,1008,782,995,1008,1,2.0
871,PLAYING,1010,786,1001,1010,1,2.5
872,PLAYING,1000,801,1009,1000,-1,2.7
873,PLAYING,1002,805,1015,1002,-1,3.3
874,PLAYING,1004,809,1016,1004,-1,1.9
875,PLAYING,1006,813,1014,1006,-1,2.0
876,PLAYING,1008,817,1012,1008,0,2.6
877,PLAYING,992,819,1008,992,-1,3.1
878,PLAYING,994,823,1006,994,-1,2.4
879,PLAYING,996,827,1001,996,0,3.7
880,PLAYING,998,831,997,998,0,1.8
881,PLAYING,989,823,995,989,0,2.4
882,PLAYING,991,827,993,991,0,2.3
883,PLAYING,993,831,993,993,0,3.9
884,PLAYING,995,834,993,995,0,2.7
885,PLAYING,996,837,992,996,0,2.4
886,PLAYING,998,840,992,998,0,2.1
887,PLAYING,1002,830,991,1002,1,2.5
888,PLAYING,1004,833,993,1004,1,3.1
889,PLAYING,1006,837,993,1006,1,2.3
890,PLAYING,1011,842,997,1011,1,3.7
891,PLAYING,1031,834,998,1031,1,2.0
892,PLAYING,1042,838,1005,1042,1,2.1
893,PLAYING,1042,834,1008,1042,1,4.2
894,PLAYING,1042,830,1016,1042,1,2.0
895,PLAYING,1042,824,1020,1042,1,2.1
896,PLAYING,1024,822,1025,1024,0,3.4
897,PLAYING,1024,818,1029,1024,0,2.4
898,PLAYING,1024,812,1034,1024,-1,4.5
899,PLAYING,1024,808,1038,1024,-1,4.5
900,PLAYING,1024,802,1036,1024,-1,3.4
901,PLAYING,1015,810,1036,1015,-1,2.3
902,PLAYING,1015,806,1032,1015,-1,3.4
903,PLAYING,1013,802,1030,1013,-1,2.4
904,PLAYING,1013,796,1026,1013,-1,2.1
905,PLAYING,1013,792,1022,1013,-1,2.5
906,PLAYING,1013,810,1018,1013,0,3.0
907,PLAYING,1013,806,1014,1013,0,2.2
908,PLAYING,1013,800,1012,1013,0,2.6
909,PLAYING,1011,796,1010,1011,0,4.2
910,PLAYING,1011,792,1008,1011,0,2.8
911,PLAYING,1023,797,1006,1023,1,2.6
912,PLAYING,1023,793,1006,1023,1,2.6
913,PLAYING,1023,789,1006,1023,1,1.8
914,PLAYING,1023,783,1008,1023,1,2.0
915,PLAYING,1023,779,1010,1023,1,2.0
916,PLAYING,1041,771,1014,1041,1,2.2
917,PLAYING,1041,767,1018,1041,1,3.2
918,PLAYING,1041,763,1022,1041,1,2.8
919,PLAYING,1041,759,1026,1041,1,2.7
920,PLAYING,1041,753,1032,1041,1,2.3
921,PLAYING,1052,737,1033,1052,1,2.3
922,PLAYING,1050,733,1037,1050,1,3.5
923,PLAYING,1050,727,1043,1050,0,2.5
924,PLAYING,1050,723,1047,1050,0,2.2
925,PLAYING,1050,719,1052,1050,0,3.4
926,PLAYING,1051,696,1056,1051,0,3.3
927,PLAYING,1051,692,1058,1051,0,2.2
928,PLAYING,1049,688,1060,1049,-1,3.1
929,PLAYING,1049,684,1062,1049,-1,2.6
930,PLAYING,1049,678,1059,1049,-1,2.8
931,PLAYING,1030,658,1059,1030,-1,2.7
932,PLAYING,1030,652,1055,1030,-1,2.2
933,PLAYING,1030,648,1053,1030,-1,2.0
934,PLAYING,1030,644,1049,1030,-1,3.2
935,PLAYING,1028,638,1045,1028,-1,2.6
936,PLAYING,1012,636,1041,1012,-1,3.0
937,PLAYING,1012,632,1037,1012,-1,3.2
938,PLAYING,1012,628,1033,1012,-1,3.5
939,PLAYING,1012,622,1029,1012,-1,2.1
940,PLAYING,1003,630,1025,1003,-1,2.3
941,PLAYING,1003,626,1021,1003,-1,3.0
942,PLAYING,1001,620,1015,1001,-1,3.1
943,PLAYING,1043,619,1011,1043,1,4.0
944,PLAYING,1043,624,1005,1043,1,3.2
945,PLAYING,1043,628,1004,1043,1,2.2
946,PLAYING,1042,654,1006,1042,1,3.3
947,PLAYING,1042,658,1008,1042,1,2.7
948,PLAYING,1040,664,1012,1040,1,2.9
949,PLAYING,1040,668,1016,1040,1,3.9
950,PLAYING,1040,672,1020,1040,1,3.6
951,PLAYING,1028,689,1022,1028,0,4.6
952,PLAYING,1028,693,1028,1028,0,3.5
953,PLAYING,1028,697,1031,1028,0,4.2
954,PLAYING,1028,703,1033,1028,0,5.8
955,PLAYING,1026,707,1035,1026,-1,8.5
956,PLAYING,1006,709,1035,1006,-1,3.7
957,PLAYING,1006,713,1035,1006,-1,5.9
958,PLAYING,1006,719,1035,1006,-1,2.7
959,PLAYING,1006,723,1033,1006,-1,5.0
960,PLAYING,995,717,1029,995,-1,3.3
961,PLAYING,995,721,1027,995,-1,3.9
962,PLAYING,993,725,1023,993,-1,4.1
963,PLAYING,993,731,1019,993,-1,3.9
964,PLAYING,993,735,1015,993,-1,5.0
965,PLAYING,992,722,1011,992,-1,2.5
966,PLAYING,992,728,1007,992,-1,2.6
967,PLAYING,992,732,1003,992,-1,2.5
968,PLAYING,990,736,999,990,-1,2.3
969,PLAYING,990,742,995,990,0,2.5
970,PLAYING,1009,730,989,1009,1,3.3
971,PLAYING,1009,736,985,1009,1,3.3
972,PLAYING,1009,740,985,1009,1,2.3
973,PLAYING,1009,744,987,1009,1,2.2
974,PLAYING,1009,748,989,1009,1,2.9
975,PLAYING,1023,756,993,1023,1,2.6
976,PLAYING,1023,760,997,1023,1,2.1
977,PLAYING,1023,764,1001,1023,1,2.3
978,PLAYING,1023,768,1005,1023,1,2.3
979,PLAYING,1023,774,1011,1023,1,3.3
980,PLAYING,1032,790,1015,1032,1,1.7
981,PLAYING,1030,794,1019,1030,1,2.0
982,PLAYING,1030,800,1025,1030,0,2.2
983,PLAYING,1030,804,1031,1030,0,3.1
984,PLAYING,1030,810,1036,1030,0,3.1
985,PLAYING,1030,836,1038,1030,0,1.9
986,PLAYING,1031,840,1040,1031,-1,2.3
987,PLAYING,1032,843,1041,1032,-1,2.1
988,PLAYING,1032,844,1040,1032,0,3.5
989,PLAYING,,,1038,,0,2.9
990,PLAYING,,,1035,,0,1.8
991,PLAYING,,,1036,,0,3.8
992,PLAYING,,,1037,,0,2.5
993,PLAYING,,,1036,,0,2.0
994,PLAYING,,,1031,,0,1.8
995,PLAYING,,,1033,,0,1.9
996,PLAYING,,,1033,,0,2.6
997,PLAYING,,,1034,,0,2.0
998,PLAYING,,,1033,,0,2.7
999,PLAYING,,,1032,,0,3.4
1000,PLAYING,1018,841,1034,1018,-1,2.3
1001,PLAYING,1015,839,1034,1015,-1,2.8
1002,PLAYING,1012,836,1032,1012,-1,1.9
1003,PLAYING,1010,833,1030,1010,-1,3.5
1004,PLAYING,1008,829,1028,1008,-1,2.5
1005,PLAYING,1007,808,1026,1007,-1,2.1
1006,PLAYING,1005,804,1022,1005,-1,2.9
1007,PLAYING,1003,800,1016,1003,-1,2.5
1008,PLAYING,1001,796,1012,1001,-1,1.9
1009,PLAYING,999,792,1008,999,-1,2.9
1010,PLAYING,978,770,1004,978,-1,1.8
1011,PLAYING,974,766,998,974,-1,2.7
1012,PLAYING,972,762,994,972,-1,3.0
1013,PLAYING,970,758,990,970,-1,1.8
1014,PLAYING,968,754,984,968,-1,2.3
1015,PLAYING,950,752,978,950,-1,3.6
1016,PLAYING,948,748,974,948,-1,1.8
1017,PLAYING,946,744,968,946,-1,1.9
1018,PLAYING,944,740,962,944,-1,3.2
1019,PLAYING,942,734,956,942,-1,2.4
1020,PLAYING,931,742,950,931,-1,2.2
1021,PLAYING,929,738,944,929,-1,2.3
1022,PLAYING,927,734,938,927,-1,2.7
1023,PLAYING,925,730,933,925,-1,2.8
1024,PLAYING,923,726,927,923,0,2.7
1025,PLAYING,921,744,921,921,0,2.1
1026,PLAYING,917,740,913,917,0,2.5
1027,PLAYING,915,736,909,915,0,3.6
1028,PLAYING,913,732,905,913,0,2.7
1029,PLAYING,911,728,901,911,1,2.8
1030,PLAYING,921,733,899,921,1,3.0
1031,PLAYING,919,729,899,919,1,3.3
1032,PLAYING,917,725,901,917,1,2.6
1033,PLAYING,915,721,903,915,1,2.2
1034,PLAYING,913,717,907,913,0,2.8
1035,PLAYING,931,711,911,931,1,4.8
1036,PLAYING,929,707,916,929,1,3.0
1037,PLAYING,927,703,919,927,0,2.5
1038,PLAYING,925,699,923,925,0,2.7
1039,PLAYING,921,693,926,921,0,3.3
1040,PLAYING,932,677,928,932,0,2.6
1041,PLAYING,930,673,930,930,0,3.9
1042,PLAYING,926,669,930,926,0,2.3
1043,PLAYING,924,665,930,924,0,2.1
1044,PLAYING,922,661,930,922,-1,2.4
1045,PLAYING,921,640,930,921,-1,3.3
1046,PLAYING,919,636,927,919,0,2.7
1047,PLAYING,917,630,925,917,0,2.6
1048,PLAYING,915,628,925,915,-1,2.5
1049,PLAYING,913,624,925,913,-1,2.9
1050,PLAYING,892,602,923,892,-1,1.7
1051,PLAYING,890,598,921,890,-1,3.0
1052,PLAYING,888,594,919,888,-1,1.9
1053,PLAYING,886,590,915,886,-1,3.8
1054,PLAYING,884,586,911,884,-1,2.6
1055,PLAYING,864,584,907,864,-1,3.0
1056,PLAYING,893,585,903,893,-1,2.2
1057,PLAYING,890,589,899,890,-1,2.9
1058,PLAYING,891,594,895,891,0,2.9
1059,PLAYING,887,599,891,887,0,2.0
1060,PLAYING,889,611,887,889,0,2.0
1061,PLAYING,886,614,885,886,0,3.6
1062,PLAYING,884,620,883,884,0,1.9
1063,PLAYING,882,624,881,882,0,3.1
1064,PLAYING,880,628,881,880,0,1.9
1065,PLAYING,878,654,881,878,0,3.0
1066,PLAYING,876,656,881,876,0,2.6
1067,PLAYING,878,660,881,878,0,2.0
1068,PLAYING,880,664,881,880,0,1.8
1069,PLAYING,882,668,881,882,0,2.1
1070,PLAYING,872,683,881,872,-1,4.1
1071,PLAYING,876,689,881,876,0,2.7
1072,PLAYING,876,693,879,876,0,3.3
1073,PLAYING,880,697,879,880,0,2.7
1074,PLAYING,882,701,879,882,0,1.9
1075,PLAYING,864,703,879,864,-1,3.4
1076,PLAYING,866,707,879,866,-1,2.5
1077,PLAYING,868,711,879,868,-1,3.6
1078,PLAYING,870,715,877,870,0,3.0
1079,PLAYING,872,719,875,872,0,2.3
1080,PLAYING,863,711,873,863,-1,2.9
1081,PLAYING,865,715,871,865,0,2.3
1082,PLAYING,867,719,869,867,0,2.0
1083,PLAYING,869,725,869,869,0,2.3
1084,PLAYING,871,729,869,871,0,2.9
1085,PLAYING,872,716,869,872,0,2.5
1086,PLAYING,874,720,869,874,0,2.0
1087,PLAYING,876,724,869,876,0,2.8
1088,PLAYING,878,728,869,878,1,2.4
1089,PLAYING,880,732,869,880,1,3.4
1090,PLAYING,903,720,869,903,1,2.9
1091,PLAYING,905,724,871,905,1,2.4
1092,PLAYING,907,728,873,907,1,2.6
1093,PLAYING,909,732,877,909,1,3.4
1094,PLAYING,911,736,881,911,1,2.0
1095,PLAYING,929,744,885,929,1,3.2
1096,PLAYING,931,748,887,931,1,4.7
1097,PLAYING,933,752,891,933,1,2.4
1098,PLAYING,935,756,895,935,1,2.9
1099,PLAYING,937,760,901,937,1,2.1
1100,PLAYING,948,776,905,948,1,2.0
1101,PLAYING,950,780,909,950,1,3.5
1102,PLAYING,952,784,913,952,1,2.0
1103,PLAYING,954,790,919,954,1,2.8
1104,PLAYING,956,792,923,956,1,2.3
1105,PLAYING,960,820,929,960,1,2.8
1106,PLAYING,962,824,933,962,1,2.4
1107,PLAYING,964,828,939,964,1,2.2
1108,PLAYING,966,832,943,966,1,2.2
1109,PLAYING,968,836,949,968,1,3.6
1110,PLAYING,968,846,955,968,1,2.5
1111,PLAYING,,,961,,0,3.3
1112,PLAYING,,,966,,0,2.0
1113,PLAYING,,,972,,0,2.5
1114,PLAYING,,,976,,0,1.8
1115,PLAYING,,,978,,0,2.9
1116,PLAYING,,,980,,0,3.2
1117,PLAYING,,,982,,0,2.3
1118,PLAYING,,,982,,0,2.2
1119,PLAYING,,,981,,0,2.3
1120,PLAYING,,,983,,0,2.5
1121,PLAYING,,,983,,0,5.0
1122,PLAYING,987,846,982,987,0,3.7
1123,PLAYING,987,845,981,987,0,2.8
1124,PLAYING,984,843,981,984,0,2.5
1125,PLAYING,981,828,981,981,0,2.8
1126,PLAYING,981,822,981,981,0,2.7
1127,PLAYING,979,818,981,979,0,2.8
1128,PLAYING,977,814,981,977,0,3.5
1129,PLAYING,975,810,981,975,0,3.1
1130,PLAYING,956,788,981,956,-1,2.6
1131,PLAYING,954,784,981,954,-1,2.2
1132,PLAYING,952,780,980,952,-1,2.2
1133,PLAYING,952,774,978,952,-1,2.6
1134,PLAYING,950,770,976,950,-1,2.4
1135,PLAYING,932,768,972,932,-1,2.6
1136,PLAYING,932,764,969,932,-1,3.3
1137,PLAYING,930,758,964,930,-1,2.4
1138,PLAYING,928,754,962,928,-1,2.4
1139,PLAYING,926,750,958,926,-1,2.9
1140,PLAYING,917,758,954,917,-1,2.3
1141,PLAYING,915,752,948,915,-1,2.6
1142,PLAYING,913,748,944,913,-1,2.1
1143,PLAYING,913,744,938,913,-1,3.4
1144,PLAYING,911,740,934,911,-1,3.3
1145,PLAYING,909,756,928,909,-1,3.5
1146,PLAYING,909,752,922,909,-1,3.5
1147,PLAYING,907,746,916,907,-1,2.7
1148,PLAYING,905,742,915,905,-1,4.0
1149,PLAYING,903,738,909,903,0,3.1
1150,PLAYING,915,745,903,915,1,3.1
1151,PLAYING,913,739,897,913,1,2.2
1152,PLAYING,911,735,897,911,1,2.1
1153,PLAYING,911,731,899,911,1,3.4
1154,PLAYING,909,727,901,909,1,2.4
1155,PLAYING,927,719,905,927,1,2.1
1156,PLAYING,927,715,909,927,1,3.1
1157,PLAYING,925,711,913,925,1,4.5
1158,PLAYING,923,707,917,923,0,3.9
1159,PLAYING,921,701,921,921,0,2.3
1160,PLAYING,932,685,926,932,0,2.1
1161,PLAYING,930,681,928,930,0,3.4
1162,PLAYING,928,677,930,928,0,2.4
1163,PLAYING,928,671,932,928,0,2.5
1164,PLAYING,926,667,932,926,0,1.8
1165,PLAYING,925,646,932,925,0,2.5
1166,PLAYING,925,642,932,925,0,2.5
1167,PLAYING,923,636,932,923,-1,3.1
1168,PLAYING,921,632,932,921,-1,2.7
1169,PLAYING,919,628,931,919,-1,3.2
1170,PLAYING,900,608,929,900,-1,2.3
1171,PLAYING,898,602,925,898,-1,3.0
1172,PLAYING,896,598,923,896,-1,2.2
1173,PLAYING,896,594,919,896,-1,2.2
1174,PLAYING,894,588,915,894,-1,2.0
1175,PLAYING,876,586,911,876,-1,3.5
1176,PLAYING,876,582,909,876,-1,2.7
1177,PLAYING,874,578,903,874,-1,2.8
1178,PLAYING,872,572,899,872,-1,2.2
1179,PLAYING,861,580,895,861,-1,2.5
1180,PLAYING,861,576,891,861,-1,3.0
1181,PLAYING,859,572,887,859,-1,3.2
1182,PLAYING,901,571,881,901,1,5.6
1183,PLAYING,899,576,875,899,1,2.1
1184,PLAYING,897,582,876,897,1,3.3
1185,PLAYING,896,606,878,896,1,2.8
1186,PLAYING,894,610,880,894,1,2.6
1187,PLAYING,892,616,884,892,1,2.4
1188,PLAYING,892,620,886,892,0,3.4
1189,PLAYING,878,635,892,878,-1,2.6
1190,PLAYING,876,639,895,876,-1,2.1
1191,PLAYING,874,645,895,874,-1,2.1
1192,PLAYING,874,649,893,874,-1,1.9
1193,PLAYING,872,653,891,872,-1,2.9
1194,PLAYING,850,655,887,850,-1,2.9
1195,PLAYING,850,661,883,850,-1,2.4
1196,PLAYING,848,665,879,848,-1,2.2
1197,PLAYING,846,669,875,846,-1,2.8
1198,PLAYING,844,675,869,844,-1,3.3
1199,PLAYING,833,667,865,833,-1,2.1
1200,PLAYING,831,671,859,831,-1,2.9
1201,PLAYING,829,675,855,829,-1,1.9
1202,PLAYING,829,681,849,829,-1,3.2
1203,PLAYING,827,685,845,827,-1,2.9
1204,PLAYING,824,672,839,824,-1,4.7
1205,PLAYING,824,676,833,824,-1,2.3
1206,PLAYING,822,682,827,822,0,3.5
1207,PLAYING,820,686,821,820,0,2.9
1208,PLAYING,820,690,817,820,0,2.8
1209,PLAYING,837,678,813,837,1,2.7
1210,PLAYING,835,684,809,835,1,3.4
1211,PLAYING,833,688,809,833,1,4.1
1212,PLAYING,833,692,811,833,1,3.2
1213,PLAYING,831,696,813,831,1,2.0
1214,PLAYING,845,704,817,845,1,3.4
1215,PLAYING,845,708,819,845,1,1.8
1216,PLAYING,843,712,823,843,1,3.2
1217,PLAYING,841,718,827,841,1,2.6
1218,PLAYING,839,722,831,839,0,3.9
1219,PLAYING,848,738,835,848,1,2.7
1220,PLAYING,846,744,840,846,0,2.6
1221,PLAYING,844,748,843,844,0,1.8
1222,PLAYING,844,752,848,844,0,2.6
1223,PLAYING,842,756,850,842,0,3.0
1224,PLAYING,840,782,850,840,-1,3.1
1225,PLAYING,840,788,852,840,-1,2.0
1226,PLAYING,838,792,849,838,-1,3.6
1227,PLAYING,836,796,847,836,-1,2.4
1228,PLAYING,836,802,845,836,-1,2.5
1229,PLAYING,822,817,841,822,-1,2.2
1230,PLAYING,820,823,837,820,-1,2.2
1231,PLAYING,818,827,835,818,-1,1.9
1232,PLAYING,818,831,831,818,-1,4.1
1233,PLAYING,816,835,827,816,-1,2.6
1234,PLAYING,794,839,821,794,-1,3.2
1235,PLAYING,794,843,817,794,-1,3.6
1236,PLAYING,788,845,812,788,-1,2.3
1237,PLAYING,784,847,808,784,-1,2.7
1238,PLAYING,,,801,,0,4.5
1239,PLAYING,775,843,797,775,-1,4.4
1240,PLAYING,772,845,793,772,-1,3.5
1241,PLAYING,,,789,,0,3.8
1242,PLAYING,,,785,,0,2.4
1243,PLAYING,,,781,,0,3.1
1244,PLAYING,774,844,781,774,0,4.8
1245,PLAYING,772,842,779,772,0,2.9
1246,PLAYING,771,840,778,771,0,2.6
1247,PLAYING,770,837,778,770,-1,3.6
1248,PLAYING,770,833,779,770,-1,2.2
1249,PLAYING,791,814,779,791,1,3.1
1250,PLAYING,791,808,777,791,1,2.2
1251,PLAYING,791,804,777,791,1,2.6
1252,PLAYING,793,800,778,793,1,2.3
1253,PLAYING,793,794,781,793,1,2.4
1254,PLAYING,809,792,784,809,1,2.7
1255,PLAYING,811,788,788,811,1,1.9
1256,PLAYING,811,782,792,811,1,2.7
1257,PLAYING,811,778,796,811,1,2.0
1258,PLAYING,813,772,802,813,1,2.4
1259,PLAYING,822,780,806,822,1,2.9
1260,PLAYING,822,776,810,822,1,2.3
1261,PLAYING,822,772,816,822,0,3.2
1262,PLAYING,824,766,822,824,0,3.1
1263,PLAYING,824,762,826,824,0,5.0
1264,PLAYING,824,778,828,824,0,2.8
1265,PLAYING,826,774,832,826,0,1.8
1266,PLAYING,826,768,832,826,0,3.3
1267,PLAYING,826,764,834,826,0,2.0
1268,PLAYING,828,760,834,828,0,2.8
1269,PLAYING,816,767,834,816,-1,2.2
1270,PLAYING,816,761,834,816,-1,2.8
1271,PLAYING,818,757,834,818,-1,2.5
1272,PLAYING,818,751,832,818,-1,2.3
1273,PLAYING,818,747,829,818,-1,2.0
1274,PLAYING,798,739,825,798,-1,3.4
1275,PLAYING,800,735,821,800,-1,2.0
1276,PLAYING,800,731,817,800,-1,2.6
1277,PLAYING,800,727,815,800,-1,1.9
1278,PLAYING,802,721,809,802,0,3.6
1279,PLAYING,791,705,807,791,-1,3.5
1280,PLAYING,791,699,803,791,-1,2.2
1281,PLAYING,793,695,799,793,0,2.3
1282,PLAYING,793,689,795,793,0,2.4
1283,PLAYING,793,685,791,793,0,2.0
1284,PLAYING,794,664,789,794,0,3.4
1285,PLAYING,794,660,786,794,0,1.9
1286,PLAYING,794,654,787,794,0,3.2
1287,PLAYING,794,650,787,794,0,2.6
1288,PLAYING,796,644,787,796,1,3.7
1289,PLAYING,825,624,787,825,1,3.0
1290,PLAYING,834,637,787,834,1,2.6
1291,PLAYING,825,623,789,825,1,1.9
1292,PLAYING,836,645,791,836,1,3.3
1293,PLAYING,833,649,795,833,1,1.9
1294,PLAYING,810,654,799,810,1,3.7
1295,PLAYING,812,658,801,812,1,2.0
1296,PLAYING,812,664,806,812,0,3.8
1297,PLAYING,812,668,809,812,0,1.9
1298,PLAYING,814,674,814,814,0,3.1
1299,PLAYING,805,690,816,805,-1,3.1
1300,PLAYING,805,694,816,805,-1,2.3
1301,PLAYING,805,700,815,805,-1,2.4
1302,PLAYING,807,704,813,807,0,3.1
1303,PLAYING,807,708,811,807,0,1.9
1304,PLAYING,807,736,809,807,0,3.2
1305,PLAYING,809,740,807,809,0,2.0
1306,PLAYING,809,746,807,809,0,2.8
1307,PLAYING,809,750,807,809,0,1.8
1308,PLAYING,811,754,807,811,0,4.0
1309,PLAYING,823,771,807,823,1,2.5
1310,PLAYING,823,775,807,823,1,2.5
1311,PLAYING,825,781,809,825,1,2.0
1312,PLAYING,825,785,811,825,1,2.1
1313,PLAYING,825,789,813,825,1,2.5
1314,PLAYING,847,793,817,847,1,3.0
1315,PLAYING,847,797,819,847,1,3.0
1316,PLAYING,847,801,825,847,1,2.2
1317,PLAYING,847,807,829,847,1,2.8
1318,PLAYING,849,811,833,849,1,3.1
1319,PLAYING,860,805,837,860,1,2.8
1320,PLAYING,860,809,843,860,1,3.5
1321,PLAYING,862,813,847,862,1,2.2
1322,PLAYING,862,819,853,862,1,2.4
1323,PLAYING,862,823,857,862,0,3.2
1324,PLAYING,865,810,863,865,0,2.0
1325,PLAYING,865,816,870,865,0,2.5
1326,PLAYING,865,820,872,865,0,2.6
1327,PLAYING,865,826,874,865,-1,2.4
1328,PLAYING,867,830,876,867,-1,3.5
1329,PLAYING,848,818,875,848,-1,2.0
1330,PLAYING,848,824,873,848,-1,2.8
1331,PLAYING,850,828,871,850,-1,1.8
1332,PLAYING,850,832,867,850,-1,3.1
1333,PLAYING,850,838,863,850,-1,1.9
1334,PLAYING,857,840,857,857,0,3.0
1335,PLAYING,859,836,852,859,0,1.9
1336,PLAYING,861,832,847,861,1,3.8
1337,PLAYING,863,826,845,863,1,1.9
1338,PLAYING,865,822,845,865,1,2.8
1339,PLAYING,874,830,847,874,1,2.1
1340,PLAYING,876,826,849,876,1,2.4
1341,PLAYING,878,820,853,878,1,2.5
1342,PLAYING,880,816,857,880,1,2.6
1343,PLAYING,882,812,859,882,1,2.6
1344,PLAYING,884,828,863,884,1,2.8
1345,PLAYING,886,824,867,886,1,1.8
1346,PLAYING,888,820,873,888,1,2.7
1347,PLAYING,888,816,877,888,1,3.6
1348,PLAYING,890,810,881,890,1,2.1
1349,PLAYING,880,817,885,880,0,2.4
1350,PLAYING,882,813,891,882,-1,4.1
1351,PLAYING,884,807,894,884,-1,1.8
1352,PLAYING,886,803,893,886,0,4.0
1353,PLAYING,886,799,892,886,0,2.8
1354,PLAYING,868,791,892,868,-1,3.0
1355,PLAYING,870,787,892,870,-1,1.9
1356,PLAYING,872,783,890,872,-1,3.7
1357,PLAYING,874,779,889,874,-1,2.1
1358,PLAYING,876,773,886,876,-1,2.1
1359,PLAYING,865,757,884,865,-1,2.1
1360,PLAYING,867,753,879,867,-1,1.8
1361,PLAYING,869,749,874,869,0,3.2
1362,PLAYING,871,743,870,871,0,2.2
1363,PLAYING,873,739,869,873,0,2.1
1364,PLAYING,874,718,867,874,0,2.3
1365,PLAYING,876,714,865,876,1,3.6
1366,PLAYING,878,708,863,878,1,3.5
1367,PLAYING,878,704,863,878,1,3.3
1368,PLAYING,880,700,865,880,1,2.3
1369,PLAYING,901,678,867,901,1,2.5
1370,PLAYING,903,674,871,903,1,2.8
1371,PLAYING,905,670,875,905,1,2.0
1372,PLAYING,907,666,879,907,1,2.7
1373,PLAYING,907,660,883,907,1,2.0
1374,PLAYING,925,658,887,925,1,2.6
1375,PLAYING,927,654,891,927,1,3.2
1376,PLAYING,929,650,895,929,1,3.9
1377,PLAYING,931,644,899,931,1,2.7
1378,PLAYING,933,640,903,933,1,2.3
1379,PLAYING,942,648,907,942,1,2.7
1380,PLAYING,944,642,913,944,1,2.3
1381,PLAYING,946,638,917,946,1,2.4
1382,PLAYING,948,634,923,948,1,2.8
1383,PLAYING,950,630,927,950,1,2.8
1384,PLAYING,952,646,933,952,1,2.9
1385,PLAYING,954,642,939,954,1,3.7
1386,PLAYING,954,636,945,954,1,6.1
1387,PLAYING,956,634,951,956,0,3.2
1388,PLAYING,958,628,955,958,0,2.2
1389,PLAYING,948,635,962,948,-1,2.3
1390,PLAYING,950,631,966,950,-1,2.7
1391,PLAYING,952,625,965,952,-1,2.2
1392,PLAYING,952,621,963,952,-1,3.2
1393,PLAYING,954,617,961,954,0,4.2
1394,PLAYING,936,609,957,936,-1,3.0
1395,PLAYING,938,605,955,938,-1,2.9
1396,PLAYING,940,601,951,940,-1,2.6
1397,PLAYING,942,597,947,942,0,2.6
1398,PLAYING,933,579,943,933,-1,3.2
1399,PLAYING,933,575,941,933,0,3.9
1400,PLAYING,935,571,937,935,0,2.5
1401,PLAYING,937,567,933,937,0,3.3
1402,PLAYING,939,561,931,939,1,2.8
1403,PLAYING,941,557,929,941,1,2.8
1404,PLAYING,942,536,931,942,1,3.4
1405,PLAYING,942,532,931,942,1,2.5
1406,PLAYING,944,526,935,944,1,2.1
1407,PLAYING,946,522,937,946,1,2.9
1408,PLAYING,948,518,941,948,0,3.7
1409,PLAYING,969,498,945,969,1,2.4
1410,PLAYING,971,492,948,971,1,2.6
1411,PLAYING,971,488,951,971,1,2.1
1412,PLAYING,973,484,955,973,1,2.6
1413,PLAYING,975,480,959,975,1,5.0
1414,PLAYING,993,476,963,993,1,2.2
1415,PLAYING,995,472,965,995,1,2.8
1416,PLAYING,997,468,969,997,1,3.0
1417,PLAYING,997,464,975,997,1,2.1
1418,PLAYING,1008,470,979,1008,1,2.4
1419,PLAYING,1010,466,983,1010,1,2.6
1420,PLAYING,1012,462,987,1012,1,2.5
1421,PLAYING,1014,458,993,1014,1,1.8
1422,PLAYING,1016,452,999,1016,1,2.4
1423,PLAYING,1018,448,1003,1018,1,2.6
1424,PLAYING,1018,466,1009,1018,1,2.6
1425,PLAYING,1020,460,1013,1020,0,2.4
1426,PLAYING,1022,456,1019,1022,0,3.2
1427,PLAYING,1024,452,1026,1024,0,3.4
1428,PLAYING,1014,457,1030,1014,-1,3.3
1429,PLAYING,1016,453,1032,1016,-1,2.3
1430,PLAYING,1018,447,1029,1018,-1,3.2
1431,PLAYING,1018,445,1029,1018,-1,1.9
1432,PLAYING,1020,439,1027,1020,0,2.8
1433,PLAYING,1022,435,1023,1022,0,2.0
1434,PLAYING,1004,429,1021,1004,-1,3.1
1435,PLAYING,1006,425,1019,1006,-1,3.7
1436,PLAYING,1008,419,1017,1008,-1,2.0
1437,PLAYING,1008,415,1013,1008,0,2.4
1438,PLAYING,999,399,1009,999,-1,2.9
1439,PLAYING,1001,393,1005,1001,0,2.4
1440,PLAYING,1003,389,1001,1003,0,2.4
1441,PLAYING,1005,385,999,1005,0,2.7
1442,PLAYING,1007,379,997,1007,1,3.2
1443,PLAYING,1007,375,995,1007,1,2.9
1444,PLAYING,1008,354,997,1008,1,2.5
1445,PLAYING,1010,350,999,1010,1,1.8
1446,PLAYING,1012,344,1001,1012,1,2.9
1447,PLAYING,1014,340,1003,1014,1,2.9
1448,PLAYING,1035,320,1009,1035,1,2.8
1449,PLAYING,1037,316,1013,1037,1,2.0
1450,PLAYING,1037,310,1017,1037,1,3.5
1451,PLAYING,1039,306,1021,1039,1,2.8
1452,PLAYING,1041,302,1027,1041,1,2.2
1453,PLAYING,1059,300,1031,1059,1,1.8
1454,PLAYING,1061,294,1037,1061,1,2.8
1455,PLAYING,1063,290,1041,1063,1,1.9
1456,PLAYING,1063,286,1047,1063,1,2.0
1457,PLAYING,1065,280,1053,1065,1,3.5
1458,PLAYING,1076,288,1057,1076,1,2.0
1459,PLAYING,1078,284,1063,1078,1,2.1
1460,PLAYING,1080,280,1069,1080,1,2.0
1461,PLAYING,1082,274,1075,1082,0,3.5
1462,PLAYING,1084,270,1081,1084,0,2.2
1463,PLAYING,1084,288,1088,1084,0,1.9
1464,PLAYING,1086,284,1092,1086,0,2.5
1465,PLAYING,1047,280,1096,1047,-1,3.3
1466,PLAYING,1049,284,1098,1049,-1,2.7
1467,PLAYING,1051,288,1097,1051,-1,2.0
1468,PLAYING,1063,305,1095,1063,-1,2.9
1469,PLAYING,1065,309,1093,1065,-1,2.1
1470,PLAYING,1067,313,1089,1067,-1,2.1
1471,PLAYING,1069,319,1085,1069,-1,2.1
1472,PLAYING,1071,323,1081,1071,-1,2.2
1473,PLAYING,1093,325,1077,1093,1,4.1
1474,PLAYING,1093,329,1075,1093,1,2.0
1475,PLAYING,1095,335,1074,1095,1,3.5
1476,PLAYING,1097,339,1076,1097,1,1.9
1477,PLAYING,1099,343,1078,1099,1,2.4
1478,PLAYING,1112,337,1082,1112,1,2.3
1479,PLAYING,1114,341,1086,1114,1,2.1
1480,PLAYING,1116,345,1088,1116,1,2.6
1481,PLAYING,1116,351,1092,1116,1,2.3
1482,PLAYING,1118,355,1096,1118,1,2.1
1483,PLAYING,1121,342,1100,1121,1,2.2
1484,PLAYING,1123,346,1104,1123,1,2.1
1485,PLAYING,1125,352,1110,1125,1,2.9
1486,PLAYING,1127,356,1114,1127,1,2.1
1487,PLAYING,1129,360,1118,1129,1,3.5
1488,PLAYING,1110,348,1124,1110,-1,2.6
1489,PLAYING,1112,354,1128,1112,-1,2.6
1490,PLAYING,1114,358,1129,1114,-1,2.2
1491,PLAYING,1116,362,1127,1116,-1,2.8
1492,PLAYING,1118,366,1125,1118,0,2.3
1493,PLAYING,1104,374,1121,1104,-1,3.8
1494,PLAYING,1104,378,1119,1104,-1,2.0
1495,PLAYING,1106,382,1115,1106,-1,3.8
1496,PLAYING,1108,386,1113,1108,0,2.8
1497,PLAYING,1110,392,1107,1110,0,4.7
1498,PLAYING,1103,408,1105,1103,0,2.1
1499,PLAYING,1105,412,1103,1105,0,4.5
1500,PLAYING,1105,418,1101,1105,0,1.9
1501,PLAYING,1107,422,1101,1107,0,3.0
1502,PLAYING,1109,426,1101,1109,0,2.1
1503,PLAYING,1111,452,1101,1111,1,4.0
1504,PLAYING,1113,458,1101,1113,1,1.7
1505,PLAYING,1115,462,1103,1115,1,3.7
1506,PLAYING,1117,466,1105,1117,1,1.8
1507,PLAYING,1117,470,1107,1117,1,2.1
1508,PLAYING,1131,487,1109,1131,1,1.8
1509,PLAYING,1133,491,1115,1133,1,3.9
1510,PLAYING,1135,495,1119,1135,1,3.0
1511,PLAYING,1137,501,1123,1137,1,2.6
1512,PLAYING,1139,505,1127,1139,1,2.9
1513,PLAYING,1161,507,1133,1161,1,3.5
1514,PLAYING,1161,511,1137,1161,1,3.7
1515,PLAYING,1163,517,1143,1163,1,2.0
1516,PLAYING,1165,521,1147,1165,1,2.4
1517,PLAYING,1136,523,1153,1136,-1,3.3
1518,PLAYING,1133,505,1159,1133,-1,3.1
1519,PLAYING,1134,499,1158,1134,-1,3.9
1520,PLAYING,1137,494,1158,1137,-1,2.4
1521,PLAYING,1137,492,1154,1137,-1,3.0
1522,PLAYING,1135,489,1152,1135,-1,2.3
1523,PLAYING,1132,468,1148,1132,-1,3.6
1524,PLAYING,1130,464,1144,1130,-1,2.7
1525,PLAYING,1130,458,1140,1130,-1,3.3
1526,PLAYING,1128,454,1136,1128,-1,2.2
1527,PLAYING,1126,450,1132,1126,0,4.1
1528,PLAYING,1143,428,1128,1143,1,2.4
1529,PLAYING,1141,424,1124,1141,1,2.2
1530,PLAYING,1139,420,1123,1139,1,2.0
1531,PLAYING,1139,416,1125,1139,1,3.1
1532,PLAYING,1137,410,1127,1137,1,3.0
1533,PLAYING,1151,408,1131,1151,1,3.1
1534,PLAYING,1149,404,1135,1149,1,1.8
1535,PLAYING,1147,400,1139,1147,0,3.7
1536,PLAYING,1145,394,1143,1145,0,2.0
1537,PLAYING,1143,390,1148,1143,0,3.4
1538,PLAYING,1152,398,1150,1152,0,3.2
1539,PLAYING,1150,394,1152,1150,0,2.2
1540,PLAYING,1148,388,1152,1148,0,2.0
1541,PLAYING,1146,384,1152,1146,0,3.8
1542,PLAYING,1144,380,1152,1144,0,1.9
1543,PLAYING,1142,398,1152,1142,-1,3.2
1544,PLAYING,1142,392,1152,1142,-1,1.9
1545,PLAYING,1140,388,1151,1140,-1,3.7
1546,PLAYING,1138,384,1149,1138,-1,2.7
1547,PLAYING,1136,378,1147,1136,-1,2.7
1548,PLAYING,1122,385,1143,1122,-1,3.3
1549,PLAYING,1120,381,1139,1120,-1,2.9
1550,PLAYING,1120,377,1137,1120,-1,4.9
1551,PLAYING,1118,371,1133,1118,-1,2.7
1552,PLAYING,1116,367,1129,1116,-1,2.3
1553,PLAYING,1094,359,1125,1094,-1,2.3
1554,PLAYING,1092,357,1121,1092,-1,2.3
1555,PLAYING,1090,351,1117,1090,-1,4.6
1556,PLAYING,1088,347,1111,1088,-1,2.3
1557,PLAYING,1088,341,1107,1088,-1,2.5
1558,PLAYING,1075,325,1103,1075,-1,1.8
1559,PLAYING,1073,321,1097,1073,-1,3.8
1560,PLAYING,1071,317,1093,1071,-1,2.4
1561,PLAYING,1069,311,1087,1069,-1,2.6
1562,PLAYING,1067,307,1081,1067,-1,2.4
1563,PLAYING,1066,286,1077,1066,-1,3.0
1564,PLAYING,1064,282,1071,1064,0,2.4
1565,PLAYING,1062,276,1065,1062,0,3.5
1566,PLAYING,1060,272,1061,1060,0,3.0
1567,PLAYING,1058,268,1057,1058,0,3.7
1568,PLAYING,1075,248,1053,1075,1,3.5
1569,PLAYING,1073,242,1051,1073,1,3.1
1570,PLAYING,1073,238,1051,1073,1,2.4
1571,PLAYING,1071,234,1053,1071,1,2.5
1572,PLAYING,1069,230,1055,1069,1,2.2
1573,PLAYING,1083,226,1059,1083,1,3.2
1574,PLAYING,1081,222,1061,1081,1,3.9
1575,PLAYING,1087,226,1067,1087,1,3.7
1576,PLAYING,1084,229,1071,1084,1,2.0
1577,PLAYING,1085,237,1075,1085,1,3.0
1578,PLAYING,1087,249,1079,1087,1,5.2
1579,PLAYING,1084,252,1085,1084,0,3.0
1580,PLAYING,1082,256,1089,1082,0,2.1
1581,PLAYING,1080,262,1094,1080,-1,2.8
1582,PLAYING,1078,266,1098,1078,-1,1.9
1583,PLAYING,1076,292,1095,1076,-1,4.5
1584,PLAYING,1076,296,1093,1076,-1,2.5
1585,PLAYING,1074,302,1091,1074,-1,2.9
1586,PLAYING,1072,306,1087,1072,-1,3.2
1587,PLAYING,1070,310,1085,1070,-1,2.7
1588,PLAYING,1056,327,1081,1056,-1,2.9
1589,PLAYING,1054,331,1077,1054,-1,1.8
1590,PLAYING,1054,335,1073,1054,-1,3.3
1591,PLAYING,1052,339,1069,1052,-1,2.9
1592,PLAYING,1050,345,1065,1050,-1,2.6
1593,PLAYING,1028,347,1061,1028,-1,3.2
1594,PLAYING,1026,351,1057,1026,-1,2.0
1595,PLAYING,1024,355,1051,1024,-1,2.1
1596,PLAYING,1024,361,1047,1024,-1,2.5
1597,PLAYING,1022,365,1041,1022,-1,2.4
1598,PLAYING,1009,357,1037,1009,-1,2.1
1599,PLAYING,1007,361,1031,1007,-1,4.0
1600,PLAYING,1005,367,1027,1005,-1,2.5
1601,PLAYING,1003,371,1021,1003,-1,2.0
1602,PLAYING,1001,375,1015,1001,-1,2.4
1603,PLAYING,1000,364,1009,1000,-1,3.6
1604,PLAYING,998,368,1003,998,0,2.8
1605,PLAYING,996,372,997,996,0,2.6
1606,PLAYING,994,376,993,994,0,3.3
1607,PLAYING,992,382,989,992,0,3.6
1608,PLAYING,1009,370,985,1009,1,2.6
1609,PLAYING,1007,374,981,1007,1,3.2
1610,PLAYING,1007,380,983,1007,1,2.3
1611,PLAYING,1005,384,983,1005,1,3.3
1612,PLAYING,1003,388,987,1003,1,1.9
1613,PLAYING,1017,394,989,1017,1,2.8
1614,PLAYING,1015,398,993,1015,1,2.1
1615,PLAYING,1013,404,997,1013,1,3.1
1616,PLAYING,1013,408,1003,1013,1,2.0
1617,PLAYING,1011,414,1007,1011,0,3.4
1618,PLAYING,1018,428,1011,1018,0,3.0
1619,PLAYING,1016,434,1016,1016,0,2.7
1620,PLAYING,1014,438,1018,1014,0,2.4
1621,PLAYING,1012,444,1022,1012,-1,2.8
1622,PLAYING,1012,448,1022,1012,-1,3.6
1623,PLAYING,1010,474,1021,1010,-1,2.8
1624,PLAYING,1008,478,1019,1008,-1,3.8
1625,PLAYING,1006,484,1017,1006,-1,2.7
1626,PLAYING,1004,488,1013,1004,-1,3.5
1627,PLAYING,1002,492,1009,1002,0,2.9
1628,PLAYING,988,507,1005,988,-1,2.2
1629,PLAYING,986,513,1001,986,-1,2.9
1630,PLAYING,986,517,997,986,-1,2.2
1631,PLAYING,984,521,995,984,-1,2.6
1632,PLAYING,982,525,991,982,-1,2.0
1633,PLAYING,960,529,985,960,-1,3.0
1634,PLAYING,958,533,983,958,-1,2.2
1635,PLAYING,958,537,979,958,-1,3.7
1636,PLAYING,956,541,973,956,-1,2.3
1637,PLAYING,954,547,969,954,-1,2.4
1638,PLAYING,941,539,965,941,-1,2.4
1639,PLAYING,939,543,959,939,-1,2.8
1640,PLAYING,937,549,955,937,-1,2.0
1641,PLAYING,935,553,949,935,-1,3.1
1642,PLAYING,935,557,945,935,-1,2.8
1643,PLAYING,932,546,939,932,0,2.5
1644,PLAYING,930,550,933,930,0,2.0
1645,PLAYING,928,554,929,928,0,3.5
1646,PLAYING,926,558,925,926,0,1.9
1647,PLAYING,924,564,923,924,0,2.6
1648,PLAYING,941,552,919,941,1,2.8
1649,PLAYING,941,556,919,941,1,3.3
1650,PLAYING,939,562,919,939,1,2.0
1651,PLAYING,937,566,921,937,1,2.5
1652,PLAYING,935,570,923,935,1,2.0
1653,PLAYING,949,578,927,949,1,3.1
1654,PLAYING,947,582,931,947,1,2.6
1655,PLAYING,947,586,933,947,1,3.1
1656,PLAYING,945,590,937,945,0,2.9
1657,PLAYING,943,596,943,943,0,2.1
1658,PLAYING,950,612,946,950,0,1.9
1659,PLAYING,948,616,948,948,0,3.2
1660,PLAYING,946,620,950,946,0,1.8
1661,PLAYING,944,626,950,944,0,3.2
1662,PLAYING,944,630,950,944,0,2.1
1663,PLAYING,942,656,950,942,0,3.2
1664,PLAYING,940,660,950,940,-1,2.6
1665,PLAYING,938,666,950,938,-1,3.1
1666,PLAYING,936,670,949,936,-1,2.0
1667,PLAYING,934,674,947,934,-1,2.1
1668,PLAYING,922,689,945,922,-1,1.9
1669,PLAYING,920,695,941,920,-1,2.8
1670,PLAYING,918,699,937,918,-1,3.0
1671,PLAYING,916,703,935,916,-1,2.1
1672,PLAYING,914,709,931,914,-1,2.6
1673,PLAYING,892,711,927,892,-1,2.0
1674,PLAYING,890,715,923,890,-1,2.0
1675,PLAYING,890,719,919,890,-1,2.7
1676,PLAYING,888,725,915,888,-1,1.8
1677,PLAYING,886,729,909,886,-1,3.2
1678,PLAYING,873,721,905,873,-1,2.2
1679,PLAYING,871,725,901,871,-1,2.0
1680,PLAYING,869,731,895,869,-1,2.0
1681,PLAYING,867,735,889,867,-1,2.9
1682,PLAYING,867,739,885,867,-1,2.6
1683,PLAYING,864,728,879,864,-1,3.0
1684,PLAYING,862,732,875,862,-1,1.9
1685,PLAYING,860,736,869,860,-1,3.6
1686,PLAYING,858,740,863,858,0,2.9
1687,PLAYING,856,746,857,856,0,3.4
1688,PLAYING,875,734,853,875,1,2.4
1689,PLAYING,873,738,847,873,1,2.0
1690,PLAYING,871,744,849,871,1,1.8
1691,PLAYING,869,748,849,869,1,3.3
1692,PLAYING,867,752,853,867,1,1.8
1693,PLAYING,881,758,855,881,1,2.6
1694,PLAYING,881,764,859,881,1,2.9
1695,PLAYING,879,768,863,879,1,2.9
1696,PLAYING,877,772,869,877,0,2.4
1697,PLAYING,875,778,873,875,0,2.7
1698,PLAYING,882,794,878,882,0,1.8
1699,PLAYING,880,798,880,880,0,2.5
1700,PLAYING,878,802,882,878,0,1.9
1701,PLAYING,878,808,884,878,0,3.4
1702,PLAYING,876,812,884,876,0,3.5
1703,PLAYING,874,838,884,874,-1,3.1
1704,PLAYING,873,842,884,873,-1,2.4
1705,PLAYING,874,843,880,874,0,2.7
1706,PLAYING,872,845,880,872,0,2.0
1707,PLAYING,,,875,,0,2.2
1708,PLAYING,,,875,,0,2.9
1709,PLAYING,,,876,,0,2.6
1710,PLAYING,,,875,,0,1.9
1711,PLAYING,,,871,,0,1.9
1712,PLAYING,,,871,,0,2.6
1713,PLAYING,,,873,,0,1.9
1714,PLAYING,,,874,,0,2.6
1715,PLAYING,,,871,,0,1.9
1716,PLAYING,,,871,,0,2.0
1717,PLAYING,848,841,873,848,-1,3.0
1718,PLAYING,845,839,874,845,-1,1.9
1719,PLAYING,842,836,874,842,-1,1.9
1720,PLAYING,840,833,872,840,-1,2.5
1721,PLAYING,836,829,870,836,-1,2.0
1722,PLAYING,834,825,866,834,-1,2.0
1723,PLAYING,833,804,862,833,-1,2.0
1724,PLAYING,829,800,860,829,-1,3.1
1725,PLAYING,827,796,854,827,-1,2.9
1726,PLAYING,825,792,852,825,-1,1.9
1727,PLAYING,821,788,848,821,-1,2.5
1728,PLAYING,800,768,844,800,-1,1.8
1729,PLAYING,798,762,838,798,-1,2.9
1730,PLAYING,796,760,836,796,-1,2.7
1731,PLAYING,792,756,832,792,-1,1.9
1732,PLAYING,790,750,828,790,-1,2.7
1733,PLAYING,772,748,822,772,-1,3.2
1734,PLAYING,768,744,818,768,-1,2.1
1735,PLAYING,766,740,812,766,-1,1.7
1736,PLAYING,764,736,806,764,-1,3.5
1737,PLAYING,751,744,800,751,-1,2.6
1738,PLAYING,749,740,796,749,-1,2.0
1739,PLAYING,747,736,790,747,-1,2.7
1740,PLAYING,745,732,787,745,-1,2.0
1741,PLAYING,741,728,781,741,-1,3.4
1742,PLAYING,739,724,775,739,-1,2.7
1743,PLAYING,737,742,769,737,-1,2.1
1744,PLAYING,733,736,761,733,-1,2.9
1745,PLAYING,731,734,755,731,-1,2.8
1746,PLAYING,729,728,749,729,-1,3.4
1747,PLAYING,737,735,743,737,0,2.4
1748,PLAYING,735,731,735,735,0,3.0
1749,PLAYING,733,727,729,733,0,3.1
1750,PLAYING,729,723,723,729,0,2.8
1751,PLAYING,727,719,719,727,1,3.5
1752,PLAYING,745,713,715,745,1,3.3
1753,PLAYING,743,709,715,743,1,5.0
1754,PLAYING,739,705,717,739,1,2.2
1755,PLAYING,737,701,719,737,1,2.0
1756,PLAYING,735,697,723,735,1,3.4
1757,PLAYING,742,681,727,742,1,2.6
1758,PLAYING,740,677,731,740,1,3.0
1759,PLAYING,738,673,735,738,0,3.7
1760,PLAYING,734,667,741,734,0,2.5
1761,PLAYING,732,663,746,732,-1,2.5
1762,PLAYING,684,644,748,684,-1,1.9
1763,PLAYING,682,648,745,682,-1,3.4
1764,PLAYING,680,652,745,680,-1,2.7
1765,PLAYING,676,656,741,676,-1,2.2
1766,PLAYING,674,660,739,674,-1,2.3
1767,PLAYING,690,648,735,690,-1,3.5
1768,PLAYING,687,654,729,687,-1,3.4
1769,PLAYING,685,658,725,685,-1,2.8
1770,PLAYING,683,662,721,683,-1,3.7
1771,PLAYING,681,666,717,681,-1,1.9
1772,PLAYING,693,672,711,693,-1,2.9
1773,PLAYING,691,676,711,691,-1,2.9
1774,PLAYING,689,680,711,689,-1,3.5
1775,PLAYING,685,684,711,685,-1,2.8
1776,PLAYING,683,688,711,683,-1,3.2
1777,PLAYING,690,704,711,690,-1,2.3
1778,PLAYING,686,708,711,686,-1,2.7
1779,PLAYING,684,712,711,684,-1,2.6
1780,PLAYING,684,714,711,684,-1,3.3
1781,PLAYING,686,716,711,686,-1,3.2
1782,PLAYING,690,742,711,690,-1,2.9
1783,PLAYING,692,748,711,692,-1,1.9
1784,PLAYING,694,752,711,694,-1,3.0
1785,PLAYING,696,756,711,696,-1,2.8
1786,PLAYING,700,760,711,700,-1,3.7
1787,PLAYING,690,775,711,690,-1,2.1
1788,PLAYING,694,779,711,694,-1,4.1
1789,PLAYING,696,783,711,696,-1,2.8
1790,PLAYING,698,787,711,698,-1,3.6
1791,PLAYING,700,791,711,700,-1,2.8
1792,PLAYING,684,793,711,684,-1,3.8
1793,PLAYING,686,797,711,686,-1,3.1
1794,PLAYING,688,801,711,688,-1,3.0
1795,PLAYING,690,805,711,690,-1,1.9
1796,PLAYING,694,811,711,694,-1,3.5
1797,PLAYING,685,801,711,685,-1,3.0
1798,PLAYING,687,807,711,687,-1,4.3
1799,PLAYING,691,811,711,691,-1,2.0
1800,PLAYING,693,815,711,693,-1,3.0
1801,PLAYING,695,819,711,695,-1,2.3
1802,PLAYING,698,806,712,698,-1,2.3
1803,PLAYING,700,810,712,700,-1,2.9
1804,PLAYING,702,814,712,702,-1,2.7
1805,PLAYING,704,818,712,704,-1,2.6
1806,PLAYING,708,822,712,708,0,5.3
1807,PLAYING,729,810,712,729,1,3.4
1808,PLAYING,731,816,712,731,1,2.9
1809,PLAYING,735,818,711,735,1,3.7
1810,PLAYING,737,822,713,737,1,3.7
1811,PLAYING,739,826,715,739,1,1.8
1812,PLAYING,759,834,719,759,1,3.9
1813,PLAYING,761,838,723,761,1,2.6
1814,PLAYING,740,840,727,740,1,3.4
1815,PLAYING,738,836,733,738,0,2.4
1816,PLAYING,738,830,738,738,0,2.3
1817,PLAYING,727,836,741,727,-1,4.6
1818,PLAYING,727,832,744,727,-1,2.2
1819,PLAYING,725,828,744,725,-1,2.3
1820,PLAYING,725,822,742,725,-1,3.3
1821,PLAYING,723,818,740,723,-1,2.3
1822,PLAYING,723,836,736,723,-1,3.5
1823,PLAYING,721,830,732,721,-1,1.9
1824,PLAYING,719,826,728,719,-1,3.1
1825,PLAYING,719,820,726,719,0,3.1
1826,PLAYING,717,816,722,717,0,3.0
1827,PLAYING,729,821,718,729,1,2.6
1828,PLAYING,727,817,716,727,1,3.0
1829,PLAYING,727,813,716,727,1,2.5
1830,PLAYING,725,807,718,725,0,3.7
1831,PLAYING,725,803,720,725,0,2.1
1832,PLAYING,743,795,723,743,1,3.5
1833,PLAYING,743,791,721,743,1,2.5
1834,PLAYING,741,787,722,741,1,3.9
1835,PLAYING,741,781,724,741,1,2.2
1836,PLAYING,739,775,728,739,1,3.0
1837,PLAYING,750,759,732,750,1,2.1
1838,PLAYING,748,755,736,748,1,4.1
1839,PLAYING,748,751,740,748,0,2.6
1840,PLAYING,746,745,744,746,0,3.5
1841,PLAYING,746,739,747,746,0,3.4
1842,PLAYING,745,718,749,745,0,2.2
1843,PLAYING,745,714,748,745,0,2.1
1844,PLAYING,743,708,750,743,0,3.3
1845,PLAYING,741,704,750,741,-1,3.4
1846,PLAYING,741,700,750,741,-1,3.5
1847,PLAYING,720,678,747,720,-1,3.4
1848,PLAYING,720,674,745,720,-1,4.1
1849,PLAYING,718,668,743,718,-1,2.8
1850,PLAYING,718,664,739,718,-1,3.0
1851,PLAYING,716,660,735,716,-1,2.0
1852,PLAYING,700,656,731,700,-1,3.1
1853,PLAYING,698,652,727,698,-1,3.0
1854,PLAYING,698,646,723,698,-1,3.3
1855,PLAYING,696,642,717,696,-1,1.9
1856,PLAYING,696,636,713,696,-1,3.3
1857,PLAYING,685,644,711,685,-1,2.5
1858,PLAYING,727,643,711,727,1,3.6
1859,PLAYING,727,646,711,727,1,2.0
1860,PLAYING,725,652,712,725,1,3.0
1861,PLAYING,723,657,712,723,1,3.3
1862,PLAYING,722,684,716,722,0,3.6
1863,PLAYING,720,688,718,720,0,2.3
1864,PLAYING,720,694,723,720,0,3.6
1865,PLAYING,718,698,723,718,0,3.7
1866,PLAYING,718,702,725,718,0,2.3
1867,PLAYING,704,719,725,704,-1,3.4
1868,PLAYING,704,725,725,704,-1,2.4
1869,PLAYING,702,729,723,702,-1,1.7
1870,PLAYING,702,733,723,702,-1,4.4
1871,PLAYING,700,739,719,700,-1,1.9
1872,PLAYING,680,741,717,680,-1,2.7
1873,PLAYING,678,745,713,678,-1,3.9
1874,PLAYING,678,751,711,678,-1,2.0
1875,PLAYING,676,755,711,676,-1,2.9
1876,PLAYING,676,761,711,676,-1,3.2
1877,PLAYING,663,753,711,663,-1,3.4
1878,PLAYING,663,759,711,663,-1,3.4
1879,PLAYING,661,763,711,661,-1,1.8
1880,PLAYING,660,770,711,660,-1,3.9
1881,PLAYING,660,774,711,660,-1,2.4
1882,PLAYING,660,751,711,660,-1,2.3
1883,PLAYING,660,757,711,660,-1,2.7
1884,PLAYING,660,760,711,660,-1,3.4
1885,PLAYING,660,766,711,660,-1,3.1
1886,PLAYING,,,711,,0,3.2
1887,PLAYING,671,768,711,671,-1,2.5
1888,PLAYING,669,774,711,669,-1,3.6
1889,PLAYING,669,778,711,669,-1,3.5
1890,PLAYING,668,783,711,668,-1,3.0
1891,PLAYING,668,787,711,668,-1,1.8
1892,PLAYING,681,796,711,681,-1,2.3
1893,PLAYING,681,800,711,681,-1,1.9
1894,PLAYING,679,804,711,679,-1,3.2
1895,PLAYING,679,810,711,679,-1,1.9
1896,PLAYING,677,814,711,677,-1,3.6
1897,PLAYING,686,832,711,686,-1,2.5
1898,PLAYING,684,835,711,684,-1,4.1
1899,PLAYING,684,835,711,684,-1,1.9
1900,PLAYING,686,839,710,686,-1,2.1
1901,PLAYING,685,841,710,685,-1,2.8
1902,PLAYING,,,709,,0,3.5
1903,PLAYING,,,711,,0,1.8
1904,PLAYING,,,711,,0,2.3
1905,PLAYING,,,709,,0,2.0
1906,PLAYING,,,707,,0,4.0
1907,PLAYING,,,703,,0,1.8
1908,PLAYING,,,703,,0,2.4
1909,PLAYING,,,703,,0,3.0
1910,PLAYING,,,704,,0,2.5
1911,PLAYING,661,846,707,661,-1,2.9
1912,PLAYING,677,837,707,677,-1,2.3
1913,PLAYING,677,833,706,677,-1,1.9
1914,PLAYING,675,827,706,675,-1,2.0
1915,PLAYING,675,823,706,675,-1,2.6
1916,PLAYING,675,817,706,675,-1,3.2
1917,PLAYING,686,801,706,686,-1,1.9
1918,PLAYING,686,799,706,686,-1,3.5
1919,PLAYING,686,793,706,686,-1,2.1
1920,PLAYING,686,789,706,686,-1,2.6
1921,PLAYING,686,783,706,686,-1,3.5
1922,PLAYING,689,762,708,689,-1,1.9
1923,PLAYING,689,756,708,689,-1,2.4
1924,PLAYING,689,752,708,689,-1,2.1
1925,PLAYING,689,746,708,689,-1,3.1
1926,PLAYING,689,742,708,689,-1,3.0
1927,PLAYING,670,720,708,670,-1,2.0
1928,PLAYING,670,716,708,670,-1,3.0
1929,PLAYING,670,712,708,670,-1,2.0
1930,PLAYING,670,706,708,670,-1,4.7
1931,PLAYING,672,702,708,672,-1,2.6
1932,PLAYING,661,695,711,661,-1,2.2
1933,PLAYING,661,691,711,661,-1,2.6
1934,PLAYING,661,685,711,661,-1,2.1
1935,PLAYING,661,681,711,661,-1,2.4
1936,PLAYING,661,675,711,661,-1,2.3
1937,PLAYING,,,711,,0,2.4
1938,PLAYING,,,711,,0,2.0
1939,PLAYING,,,711,,0,2.5
1940,PLAYING,,,711,,0,3.9
1941,PLAYING,,,711,,0,3.6
1942,PLAYING,,,711,,0,3.2
1943,PLAYING,,,711,,0,2.4
1944,PLAYING,,,711,,0,2.7
1945,PLAYING,,,711,,0,3.2
1946,PLAYING,680,624,711,680,-1,2.7
1947,PLAYING,664,682,711,664,-1,2.5
1948,PLAYING,664,686,711,664,-1,3.2
1949,PLAYING,665,692,711,665,-1,2.7
1950,PLAYING,665,696,711,665,-1,4.0
1951,PLAYING,665,700,711,665,-1,1.7
1952,PLAYING,683,703,711,683,-1,2.6
1953,PLAYING,683,707,711,683,-1,1.8
1954,PLAYING,683,713,711,683,-1,3.5
1955,PLAYING,683,717,711,683,-1,2.0
1956,PLAYING,683,723,711,683,-1,3.2
1957,PLAYING,696,715,711,696,-1,2.0
1958,PLAYING,696,721,711,696,-1,2.6
1959,PLAYING,696,727,711,696,-1,1.8
1960,PLAYING,696,731,711,696,-1,3.4
1961,PLAYING,696,737,711,696,-1,1.8
1962,PLAYING,697,724,711,697,-1,2.1
1963,PLAYING,697,730,711,697,-1,1.8
1964,PLAYING,697,734,711,697,-1,2.8
1965,PLAYING,697,740,711,697,-1,2.3
1966,PLAYING,699,744,711,699,-1,4.2
1967,PLAYING,680,734,711,680,-1,2.4
1968,PLAYING,680,738,711,680,-1,2.8
1969,PLAYING,680,742,711,680,-1,2.3
1970,PLAYING,680,748,711,680,-1,2.0
1971,PLAYING,680,752,711,680,-1,2.7
1972,PLAYING,665,759,711,665,-1,3.4
1973,PLAYING,665,763,711,665,-1,2.7
1974,PLAYING,665,769,711,665,-1,2.9
1975,PLAYING,667,775,711,667,-1,1.9
1976,PLAYING,667,779,711,667,-1,3.0
1977,PLAYING,659,791,711,659,-1,2.0
1978,PLAYING,659,797,711,659,-1,4.4
1979,PLAYING,659,803,711,659,-1,2.5
1980,PLAYING,659,807,711,659,-1,3.1
1981,PLAYING,659,811,711,659,-1,2.1
1982,PLAYING,658,847,710,658,-1,1.9
1983,PLAYING,,,707,,0,2.5
1984,PLAYING,,,706,,0,3.3
1985,PLAYING,,,705,,0,3.0
1986,PLAYING,,,705,,0,2.8
1987,PLAYING,,,707,,0,1.8
1988,PLAYING,,,703,,0,3.4
1989,PLAYING,,,704,,0,2.4
1990,PLAYING,,,705,,0,2.7
1991,PLAYING,,,704,,0,2.2
1992,PLAYING,,,705,,0,2.0
1993,PLAYING,,,704,,0,2.8
1994,PLAYING,,,704,,0,2.8
1995,PLAYING,681,847,704,681,-1,2.6
1996,PLAYING,681,847,704,681,-1,2.3
1997,PLAYING,688,833,706,688,-1,2.5
1998,PLAYING,690,831,706,690,-1,2.8
1999,PLAYING,692,825,706,692,-1,2.1
2000,PLAYING,694,821,706,694,-1,3.5
2001,PLAYING,698,817,706,698,-1,2.6
2002,PLAYING,701,796,706,701,0,2.9
2003,PLAYING,703,790,706,703,0,2.0
2004,PLAYING,705,786,706,705,0,3.0
2005,PLAYING,707,782,706,707,0,3.2
2006,PLAYING,709,778,706,709,0,3.0
2007,PLAYING,692,756,708,692,-1,3.9
2008,PLAYING,696,752,708,696,-1,2.4
2009,PLAYING,698,748,708,698,-1,3.2
2010,PLAYING,700,744,708,700,-1,3.0
2011,PLAYING,702,738,708,702,0,2.7
2012,PLAYING,688,736,708,688,-1,2.5
2013,PLAYING,690,732,708,690,-1,2.3
2014,PLAYING,692,726,708,692,-1,3.3
2015,PLAYING,694,722,708,694,-1,2.2
2016,PLAYING,696,718,708,696,-1,2.3
2017,PLAYING,689,726,711,689,-1,1.9
2018,PLAYING,693,720,711,693,-1,3.7
2019,PLAYING,695,716,711,695,-1,2.6
2020,PLAYING,697,712,711,697,-1,2.7
2021,PLAYING,699,708,711,699,-1,2.1
2022,PLAYING,701,724,711,701,-1,3.8
2023,PLAYING,703,720,711,703,-1,2.7
2024,PLAYING,705,716,711,705,0,3.3
2025,PLAYING,707,712,711,707,0,2.1
2026,PLAYING,711,706,711,711,0,2.9
2027,PLAYING,725,713,711,725,1,2.9
2028,PLAYING,727,709,711,727,1,2.2
2029,PLAYING,729,705,711,729,1,2.2
2030,PLAYING,731,699,713,731,1,2.3
2031,PLAYING,733,695,715,733,1,2.1
2032,PLAYING,755,689,719,755,1,3.6
2033,PLAYING,757,685,723,757,1,2.3
2034,PLAYING,761,679,727,761,1,2.5
2035,PLAYING,763,675,731,763,1,2.4
2036,PLAYING,763,673,737,763,1,2.2
2037,PLAYING,776,665,741,776,1,1.9
2038,PLAYING,778,669,745,778,1,2.0
2039,PLAYING,780,675,751,780,1,2.0
2040,PLAYING,784,679,755,784,1,3.0
2041,PLAYING,786,683,761,786,1,2.3
2042,PLAYING,789,670,765,789,1,2.1
2043,PLAYING,791,676,771,791,1,1.7
2044,PLAYING,793,680,777,793,1,3.4
2045,PLAYING,795,684,783,795,1,1.9
2046,PLAYING,797,688,789,797,1,2.2
2047,PLAYING,780,678,795,780,-1,3.3
2048,PLAYING,784,682,801,784,-1,2.5
2049,PLAYING,786,686,802,786,-1,2.1
2050,PLAYING,788,690,800,788,-1,3.6
2051,PLAYING,790,696,798,790,0,2.5
2052,PLAYING,776,702,794,776,-1,2.6
2053,PLAYING,778,706,792,778,-1,2.2
2054,PLAYING,780,712,787,780,0,3.0
2055,PLAYING,782,716,785,782,0,2.0
2056,PLAYING,777,732,781,777,0,2.4
2057,PLAYING,779,736,779,779,0,2.3
2058,PLAYING,781,742,779,781,0,3.7
2059,PLAYING,783,746,779,783,0,1.9
2060,PLAYING,785,750,779,785,0,2.4
2061,PLAYING,787,754,779,787,0,2.7
2062,PLAYING,789,782,779,789,1,2.9
2063,PLAYING,791,786,779,791,1,1.8
2064,PLAYING,795,790,779,795,1,2.1
2065,PLAYING,797,794,781,797,1,3.5
2066,PLAYING,799,800,783,799,1,2.0
2067,PLAYING,813,815,787,813,1,2.4
2068,PLAYING,815,819,791,815,1,2.5
2069,PLAYING,817,823,795,817,1,1.9
2070,PLAYING,819,829,797,819,1,1.8
2071,PLAYING,821,833,801,821,1,2.8
2072,PLAYING,845,835,807,845,1,2.1
2073,PLAYING,847,839,811,847,1,2.6
2074,PLAYING,851,844,816,851,1,2.4
2075,PLAYING,857,846,821,857,1,2.4
2076,PLAYING,865,840,827,865,1,2.1
2077,PLAYING,868,842,831,868,1,1.9
2078,PLAYING,871,844,836,871,1,2.8
2079,PLAYING,873,845,843,873,1,2.0
2080,PLAYING,,,849,,0,2.9
2081,PLAYING,875,842,850,875,1,2.4
2082,PLAYING,875,844,856,875,1,3.1
2083,PLAYING,873,844,862,873,1,2.5
2084,PLAYING,874,843,866,874,1,2.9
2085,PLAYING,874,842,869,874,0,3.5
2086,PLAYING,852,826,874,852,-1,3.6
2087,PLAYING,850,820,878,850,-1,3.7
2088,PLAYING,848,816,878,848,-1,2.8
2089,PLAYING,844,812,876,844,-1,2.6
2090,PLAYING,842,808,874,842,-1,2.5
2091,PLAYING,824,806,870,824,-1,2.1
2092,PLAYING,820,802,866,820,-1,2.6
2093,PLAYING,818,796,862,818,-1,1.7
2094,PLAYING,816,792,858,816,-1,1.8
2095,PLAYING,812,788,852,812,-1,2.1
2096,PLAYING,801,796,848,801,-1,1.8
2097,PLAYING,799,792,844,799,-1,1.8
2098,PLAYING,795,788,840,795,-1,3.2
2099,PLAYING,793,782,834,793,-1,2.4
2100,PLAYING,791,778,828,791,-1,2.0
2101,PLAYING,787,796,824,787,-1,2.8
2102,PLAYING,785,792,818,785,-1,2.0
2103,PLAYING,783,788,811,783,-1,3.6
2104,PLAYING,779,784,805,779,-1,2.2
2105,PLAYING,777,778,800,777,-1,2.4
2106,PLAYING,787,785,794,787,0,2.5
2107,PLAYING,783,781,787,783,0,4.1
2108,PLAYING,781,777,783,781,0,2.6
2109,PLAYING,779,773,777,779,0,2.0
2110,PLAYING,775,769,775,775,0,2.7
2111,PLAYING,793,761,771,793,1,3.7
2112,PLAYING,791,757,769,791,1,2.9
2113,PLAYING,787,753,771,787,1,3.0
2114,PLAYING,785,749,771,785,1,1.9
2115,PLAYING,781,743,775,781,0,3.6
2116,PLAYING,790,727,777,790,1,2.9
2117,PLAYING,788,723,782,788,0,3.0
2118,PLAYING,784,719,783,784,0,2.6
2119,PLAYING,782,713,788,782,0,3.3
2120,PLAYING,780,711,788,780,-1,2.2
2121,PLAYING,777,688,790,777,-1,2.1
2122,PLAYING,775,684,787,775,-1,3.0
2123,PLAYING,773,680,785,773,-1,3.5
2124,PLAYING,769,676,783,769,-1,3.3
2125,PLAYING,767,672,781,767,-1,2.8
2126,PLAYING,746,652,777,746,-1,1.9
2127,PLAYING,742,646,773,742,-1,3.8
2128,PLAYING,740,642,769,740,-1,3.1
2129,PLAYING,738,638,765,738,-1,2.2
2130,PLAYING,734,634,761,734,-1,3.2
2131,PLAYING,716,630,757,716,-1,3.7
2132,PLAYING,714,628,753,714,-1,1.8
2133,PLAYING,710,622,749,710,-1,2.7
2134,PLAYING,708,618,743,708,-1,1.9
2135,PLAYING,704,614,739,704,-1,3.1
2136,PLAYING,693,622,733,693,-1,1.9
2137,PLAYING,691,618,729,691,-1,2.1
2138,PLAYING,689,612,723,689,-1,2.4
2139,PLAYING,685,608,717,685,-1,2.7
2140,PLAYING,683,604,713,683,-1,2.3
2141,PLAYING,681,622,711,681,-1,3.0
2142,PLAYING,677,618,711,677,-1,2.6
2143,PLAYING,675,612,711,675,-1,2.3
2144,PLAYING,671,608,711,671,-1,3.3
2145,PLAYING,669,604,711,669,-1,3.3
2146,PLAYING,679,611,711,679,-1,3.3
2147,PLAYING,675,605,711,675,-1,2.1
2148,PLAYING,690,603,711,690,-1,3.2
2149,PLAYING,688,607,711,688,-1,2.5
2150,PLAYING,686,611,711,686,-1,5.0
2151,PLAYING,663,616,711,663,-1,4.6
2152,PLAYING,663,621,711,663,-1,4.1
2153,PLAYING,663,626,711,663,-1,3.7
2154,PLAYING,662,631,711,662,-1,4.6
2155,PLAYING,662,635,711,662,-1,2.8
2156,PLAYING,,,711,,0,4.4
2157,PLAYING,,,711,,0,6.7
2158,PLAYING,,,711,,0,4.6
2159,PLAYING,659,647,711,659,-1,3.8
2160,PLAYING,659,648,711,659,-1,3.3
2161,PLAYING,660,619,711,660,-1,2.4
2162,PLAYING,659,629,711,659,-1,3.0
2163,PLAYING,662,636,711,662,-1,2.6
2164,PLAYING,664,640,711,664,-1,2.6
2165,PLAYING,666,646,711,666,-1,3.2
2166,PLAYING,689,634,711,689,-1,3.5
2167,PLAYING,691,638,711,691,-1,2.8
2168,PLAYING,693,642,711,693,-1,2.5
2169,PLAYING,697,646,711,697,-1,3.6
2170,PLAYING,699,650,711,699,-1,2.2
2171,PLAYING,717,658,711,717,0,3.6
2172,PLAYING,721,662,711,721,1,2.4
2173,PLAYING,723,666,711,723,1,3.3
2174,PLAYING,725,670,711,725,1,1.9
2175,PLAYING,729,676,713,729,1,2.8
2176,PLAYING,740,692,717,740,1,2.1
2177,PLAYING,742,696,719,742,1,3.4
2178,PLAYING,746,700,723,746,1,2.0
2179,PLAYING,748,704,727,748,1,2.5
2180,PLAYING,750,708,731,750,1,1.9
2181,PLAYING,754,734,735,754,1,3.3
2182,PLAYING,756,740,739,756,1,1.8
2183,PLAYING,760,744,743,760,1,3.7
2184,PLAYING,762,748,747,762,1,2.3
2185,PLAYING,764,752,751,764,1,3.3
2186,PLAYING,756,767,757,756,0,3.1
2187,PLAYING,758,773,761,758,0,1.9
2188,PLAYING,760,777,766,760,0,1.9
2189,PLAYING,764,781,770,764,0,3.5
2190,PLAYING,766,785,772,766,0,2.7
2191,PLAYING,748,789,774,748,-1,3.4
2192,PLAYING,752,793,774,752,-1,2.6
2193,PLAYING,754,797,773,754,-1,2.7
2194,PLAYING,756,801,771,756,-1,1.8
2195,PLAYING,760,805,767,760,0,2.7
2196,PLAYING,751,797,765,751,-1,3.2
2197,PLAYING,753,803,763,753,-1,3.7
2198,PLAYING,757,807,759,757,0,3.0
2199,PLAYING,759,811,755,759,0,2.6
2200,PLAYING,761,815,751,761,1,2.6
2201,PLAYING,764,802,749,764,1,3.0
2202,PLAYING,766,806,751,766,1,1.8
2203,PLAYING,770,812,751,770,1,2.9
2204,PLAYING,772,816,755,772,1,2.9
2205,PLAYING,774,820,757,774,1,2.9
2206,PLAYING,795,808,761,795,1,2.1
2207,PLAYING,799,812,765,799,1,2.1
2208,PLAYING,801,816,769,801,1,3.5
2209,PLAYING,803,822,773,803,1,2.6
2210,PLAYING,807,826,777,807,1,1.9
2211,PLAYING,825,832,781,825,1,2.3
2212,PLAYING,827,836,785,827,1,2.2
2213,PLAYING,808,840,788,808,1,3.7
2214,PLAYING,806,834,797,806,1,2.9
2215,PLAYING,806,830,802,806,0,2.4
2216,PLAYING,797,835,807,797,-1,3.2
2217,PLAYING,795,832,812,795,-1,2.3
2218,PLAYING,795,826,812,795,-1,2.2
2219,PLAYING,795,820,810,795,-1,2.0
2220,PLAYING,793,816,808,793,-1,3.3
2221,PLAYING,793,834,804,793,-1,2.3
2222,PLAYING,793,828,800,793,0,4.0
2223,PLAYING,791,822,796,791,0,2.7
2224,PLAYING,791,816,792,791,0,2.6
2225,PLAYING,791,812,790,791,0,3.0
2226,PLAYING,801,819,788,801,1,3.0
2227,PLAYING,801,813,788,801,1,3.3
2228,PLAYING,801,809,788,801,1,3.9
2229,PLAYING,799,803,790,799,1,2.5
2230,PLAYING,799,799,792,799,0,2.9
2231,PLAYING,819,791,796,819,1,3.1
2232,PLAYING,817,787,797,817,1,3.2
2233,PLAYING,817,781,800,817,1,2.2
2234,PLAYING,817,775,802,817,1,1.7
2235,PLAYING,815,771,808,815,0,3.9
2236,PLAYING,826,753,810,826,1,3.0
2237,PLAYING,826,749,815,826,1,3.3
2238,PLAYING,824,743,818,824,0,3.4
2239,PLAYING,824,737,822,824,0,2.3
2240,PLAYING,824,733,827,824,0,2.8
2241,PLAYING,823,712,829,823,0,3.1
2242,PLAYING,823,706,828,823,0,2.0
2243,PLAYING,823,700,828,823,0,2.4
2244,PLAYING,821,696,828,821,0,2.6
2245,PLAYING,821,690,828,821,0,2.5
2246,PLAYING,802,670,828,802,-1,2.7
2247,PLAYING,800,664,828,800,-1,3.1
2248,PLAYING,800,660,827,800,-1,2.5
2249,PLAYING,800,654,825,800,-1,3.4
2250,PLAYING,798,650,823,798,-1,2.0
2251,PLAYING,782,646,819,782,-1,3.1
2252,PLAYING,782,642,815,782,-1,2.0
2253,PLAYING,780,636,811,780,-1,3.5
2254,PLAYING,780,632,809,780,-1,2.2
2255,PLAYING,780,626,803,780,-1,2.6
2256,PLAYING,771,632,801,771,-1,3.9
2257,PLAYING,769,628,795,769,-1,2.6
2258,PLAYING,769,622,791,769,-1,2.2
2259,PLAYING,767,618,787,767,-1,2.1
2260,PLAYING,767,612,783,767,-1,2.5
2261,PLAYING,767,630,777,767,-1,2.7
2262,PLAYING,767,624,773,767,0,3.9
2263,PLAYING,765,618,767,765,0,2.2
2264,PLAYING,765,614,762,765,0,4.0
2265,PLAYING,765,610,761,765,0,3.8
2266,PLAYING,775,615,757,775,1,2.6
2267,PLAYING,775,609,755,775,1,2.1
2268,PLAYING,775,605,757,775,1,3.5
2269,PLAYING,790,603,757,790,1,3.1
2270,PLAYING,790,609,761,790,1,3.5
2271,PLAYING,770,611,763,770,0,2.4
2272,PLAYING,768,617,767,768,0,3.4
2273,PLAYING,768,621,772,768,0,3.5
2274,PLAYING,768,627,774,768,0,2.1
2275,PLAYING,766,633,776,766,-1,2.5
2276,PLAYING,755,625,776,755,-1,3.5
2277,PLAYING,755,631,775,755,-1,2.9
2278,PLAYING,753,635,773,753,-1,2.6
2279,PLAYING,753,641,769,753,-1,3.7
2280,PLAYING,753,645,767,753,-1,2.3
2281,PLAYING,750,634,763,750,-1,2.1
2282,PLAYING,750,638,759,750,-1,2.8
2283,PLAYING,750,644,753,750,0,3.1
2284,PLAYING,750,648,749,750,0,1.9
2285,PLAYING,748,654,745,748,0,2.6
2286,PLAYING,767,642,743,767,1,2.5
2287,PLAYING,765,648,741,765,1,3.2
2288,PLAYING,765,654,741,765,1,2.6
2289,PLAYING,765,658,743,765,1,2.2
2290,PLAYING,765,664,745,765,1,2.0
2291,PLAYING,779,670,749,779,1,3.4
2292,PLAYING,779,676,753,779,1,2.5
2293,PLAYING,779,680,755,779,1,1.7
2294,PLAYING,777,686,759,777,1,2.6
2295,PLAYING,777,692,765,777,1,2.6
2296,PLAYING,786,708,767,786,1,2.7
2297,PLAYING,784,712,771,784,1,2.5
2298,PLAYING,784,718,777,784,0,2.7
2299,PLAYING,784,724,781,784,0,3.6
2300,PLAYING,782,728,786,782,0,3.7
2301,PLAYING,782,756,788,782,0,1.8
2302,PLAYING,782,762,790,782,0,3.5
2303,PLAYING,780,766,792,780,-1,3.4
2304,PLAYING,780,772,792,780,-1,1.9
2305,PLAYING,768,787,789,768,-1,2.5
2306,PLAYING,766,793,789,766,-1,3.8
2307,PLAYING,766,797,785,766,-1,2.4
2308,PLAYING,766,803,783,766,-1,2.2
2309,PLAYING,764,809,779,764,-1,2.4
2310,PLAYING,744,811,775,744,-1,2.1
2311,PLAYING,744,817,771,744,-1,2.3
2312,PLAYING,742,821,767,742,-1,2.8
2313,PLAYING,742,827,763,742,-1,1.8
2314,PLAYING,742,833,759,742,-1,2.4
2315,PLAYING,729,825,755,729,-1,2.2
2316,PLAYING,729,829,749,729,-1,2.9
2317,PLAYING,729,834,745,729,-1,1.8
2318,PLAYING,726,839,739,726,-1,3.4
2319,PLAYING,725,841,735,725,-1,3.6
2320,PLAYING,726,833,731,726,0,2.6
2321,PLAYING,724,836,725,724,0,2.7
2322,PLAYING,725,840,721,725,0,2.4
2323,PLAYING,726,842,716,726,1,3.3
2324,PLAYING,728,844,714,728,1,2.8
2325,PLAYING,750,838,715,750,1,3.1
2326,PLAYING,750,832,719,750,1,3.9
2327,PLAYING,748,828,722,748,1,1.9
2328,PLAYING,748,822,726,748,1,2.1
2329,PLAYING,748,818,731,748,1,2.5
2330,PLAYING,730,814,735,730,0,3.4
2331,PLAYING,730,810,737,730,0,2.3
2332,PLAYING,728,804,742,728,-1,2.6
2333,PLAYING,728,800,744,728,-1,2.6
2334,PLAYING,726,794,742,726,-1,2.8
2335,PLAYING,717,800,742,717,-1,2.6
2336,PLAYING,717,796,738,717,-1,2.8
2337,PLAYING,715,790,736,715,-1,2.1
2338,PLAYING,715,786,730,715,-1,2.7
2339,PLAYING,713,780,726,713,-1,2.1
2340,PLAYING,713,798,722,713,-1,2.3
2341,PLAYING,711,792,718,711,0,2.4
2342,PLAYING,711,786,716,711,0,3.6
2343,PLAYING,709,782,716,709,0,3.0
2344,PLAYING,709,776,714,709,0,2.1
2345,PLAYING,721,783,714,721,0,1.9
2346,PLAYING,719,777,714,719,0,2.3
2347,PLAYING,719,773,714,719,0,1.9
2348,PLAYING,717,767,714,717,0,4.0
2349,PLAYING,717,761,714,717,0,1.8
2350,PLAYING,735,755,714,735,1,3.2
2351,PLAYING,735,749,714,735,1,2.3
2352,PLAYING,735,745,714,735,1,3.7
2353,PLAYING,733,739,716,733,1,2.5
2354,PLAYING,733,733,717,733,1,2.9
2355,PLAYING,742,717,719,742,1,2.5
2356,PLAYING,742,711,723,742,1,4.1
2357,PLAYING,740,707,727,740,1,1.8
2358,PLAYING,740,701,731,740,1,4.3
2359,PLAYING,740,697,735,740,0,2.5
2360,PLAYING,739,674,739,739,0,3.4
2361,PLAYING,739,670,742,739,0,2.1
2362,PLAYING,737,664,746,737,-1,3.2
2363,PLAYING,737,660,746,737,-1,1.9
2364,PLAYING,735,654,745,735,-1,1.8
2365,PLAYING,716,632,743,716,-1,2.7
2366,PLAYING,716,628,741,716,-1,3.7
2367,PLAYING,714,622,737,714,-1,2.4
2368,PLAYING,714,618,733,714,-1,3.2
2369,PLAYING,712,612,729,712,-1,1.9
2370,PLAYING,696,608,723,696,-1,3.7
2371,PLAYING,694,604,718,694,-1,2.3
2372,PLAYING,694,598,715,694,-1,3.5
2373,PLAYING,694,594,711,694,-1,2.1
2374,PLAYING,692,588,711,692,-1,2.9
2375,PLAYING,683,596,711,683,-1,2.1
2376,PLAYING,681,590,711,681,-1,2.5
2377,PLAYING,681,586,711,681,-1,2.6
2378,PLAYING,679,580,711,679,-1,2.9
2379,PLAYING,679,576,710,679,-1,2.8
2380,PLAYING,677,592,711,677,-1,2.2
2381,PLAYING,677,586,711,677,-1,1.9
2382,PLAYING,677,582,711,677,-1,2.2
2383,PLAYING,675,576,711,675,-1,3.2
2384,PLAYING,675,572,710,675,-1,3.1
2385,PLAYING,702,579,709,702,0,2.6
2386,PLAYING,702,585,709,702,0,3.8
2387,PLAYING,702,589,710,702,-1,2.7
2388,PLAYING,700,595,711,700,-1,2.1
2389,PLAYING,700,599,711,700,-1,3.0
2390,PLAYING,678,603,711,678,-1,3.2
2391,PLAYING,678,607,711,678,-1,2.0
2392,PLAYING,676,613,711,676,-1,2.9
2393,PLAYING,676,619,711,676,-1,2.6
2394,PLAYING,676,623,711,676,-1,2.6
2395,PLAYING,663,617,711,663,-1,2.6
2396,PLAYING,663,621,711,663,-1,2.3
2397,PLAYING,661,627,711,661,-1,2.3
2398,PLAYING,661,633,711,661,-1,3.9
2399,PLAYING,660,638,711,660,-1,2.1
2400,PLAYING,659,621,711,659,-1,3.1
2401,PLAYING,659,627,711,659,-1,2.1
2402,PLAYING,660,627,711,660,-1,5.0
2403,PLAYING,660,631,711,660,-1,6.4
2404,PLAYING,660,636,711,660,-1,2.7
2405,PLAYING,673,634,711,673,-1,3.9
2406,PLAYING,671,640,711,671,-1,2.2
2407,PLAYING,671,644,711,671,-1,3.5
2408,PLAYING,671,650,711,671,-1,3.2
2409,PLAYING,669,656,711,669,-1,2.5
2410,PLAYING,685,662,711,685,-1,2.4
2411,PLAYING,683,668,711,683,-1,3.3
2412,PLAYING,683,672,711,683,-1,3.6
2413,PLAYING,681,678,711,681,-1,1.9
2414,PLAYING,681,684,711,681,-1,2.6
2415,PLAYING,690,700,711,690,-1,3.3
2416,PLAYING,688,706,711,688,-1,2.9
2417,PLAYING,688,710,711,688,-1,2.4
2418,PLAYING,686,716,711,686,-1,2.2
2419,PLAYING,686,720,711,686,-1,1.9
2420,PLAYING,684,748,711,684,-1,2.4
2421,PLAYING,684,752,711,684,-1,2.7
2422,PLAYING,686,758,711,686,-1,2.1
2423,PLAYING,686,762,711,686,-1,2.8
2424,PLAYING,686,766,711,686,-1,2.4
2425,PLAYING,676,783,711,676,-1,3.1
2426,PLAYING,676,789,711,676,-1,2.3
2427,PLAYING,678,793,711,678,-1,2.3
2428,PLAYING,678,799,712,678,-1,2.2
2429,PLAYING,680,803,712,680,-1,1.9
2430,PLAYING,663,809,712,663,-1,2.5
2431,PLAYING,663,813,712,663,-1,3.1
2432,PLAYING,663,818,712,663,-1,3.0
2433,PLAYING,663,822,712,663,-1,2.0
2434,PLAYING,665,827,712,665,-1,2.3
2435,PLAYING,659,831,712,659,-1,4.0
2436,PLAYING,659,832,712,659,-1,2.9
2437,PLAYING,659,838,712,659,-1,2.6
2438,PLAYING,658,843,712,658,-1,2.0
2439,PLAYING,657,842,710,657,-1,2.5
2440,PLAYING,660,819,712,660,-1,2.5
2441,PLAYING,660,830,712,660,-1,1.9
2442,PLAYING,660,835,711,660,-1,2.9
2443,PLAYING,661,840,710,661,-1,3.0
2444,PLAYING,663,843,710,663,-1,3.6
2445,PLAYING,679,838,711,679,-1,2.1
2446,PLAYING,681,832,709,681,-1,2.2
2447,PLAYING,683,828,708,683,-1,3.4
2448,PLAYING,683,822,708,683,-1,2.5
2449,PLAYING,685,818,707,685,-1,2.1
2450,PLAYING,701,814,707,701,0,3.1
2451,PLAYING,703,810,707,703,0,2.8
2452,PLAYING,703,804,707,703,0,2.2
2453,PLAYING,705,798,707,705,0,2.8
2454,PLAYING,707,794,707,707,0,2.1
2455,PLAYING,716,800,707,716,1,2.8
2456,PLAYING,718,796,707,718,1,2.8
2457,PLAYING,718,790,706,718,1,2.1
2458,PLAYING,720,784,708,720,1,2.7
2459,PLAYING,720,780,712,720,1,2.5
2460,PLAYING,722,798,714,722,1,2.6
2461,PLAYING,724,792,718,724,0,4.2
2462,PLAYING,724,786,722,724,0,2.1
2463,PLAYING,726,780,725,726,0,2.7
2464,PLAYING,726,776,729,726,0,2.3
2465,PLAYING,716,781,731,716,-1,2.6
2466,PLAYING,718,777,731,718,-1,2.4
2467,PLAYING,718,771,730,718,-1,2.1
2468,PLAYING,720,767,728,720,-1,2.2
2469,PLAYING,720,761,726,720,0,2.7
2470,PLAYING,702,753,722,702,-1,2.8
2471,PLAYING,702,749,720,702,-1,2.2
2472,PLAYING,704,743,716,704,-1,3.5
2473,PLAYING,704,739,712,704,0,3.0
2474,PLAYING,706,733,711,706,0,3.4
2475,PLAYING,697,717,711,697,-1,3.2
2476,PLAYING,697,711,711,697,-1,2.6
2477,PLAYING,699,707,711,699,-1,2.3
2478,PLAYING,699,701,711,699,-1,2.1
2479,PLAYING,701,697,711,701,-1,2.0
2480,PLAYING,700,674,711,700,-1,3.3
2481,PLAYING,702,670,711,702,-1,1.9
2482,PLAYING,704,664,711,704,0,2.6
2483,PLAYING,704,660,711,704,0,1.8
2484,PLAYING,706,654,711,706,0,3.5
2485,PLAYING,725,632,711,725,1,3.8
2486,PLAYING,727,628,711,727,1,3.0
2487,PLAYING,727,622,711,727,1,2.6
2488,PLAYING,729,618,713,729,1,2.7
2489,PLAYING,731,612,715,731,1,2.7
2490,PLAYING,747,608,719,747,1,2.1
2491,PLAYING,749,604,723,749,1,2.5
2492,PLAYING,749,598,727,749,1,2.1
2493,PLAYING,751,594,729,751,1,2.1
2494,PLAYING,753,588,735,753,1,2.5
2495,PLAYING,762,596,737,762,1,2.3
2496,PLAYING,764,590,741,764,1,2.2
2497,PLAYING,764,586,747,764,1,3.0
2498,PLAYING,766,580,751,766,1,2.1
2499,PLAYING,766,576,755,766,1,2.4
2500,PLAYING,768,592,759,768,1,3.1
2501,PLAYING,770,586,765,770,0,3.7
2502,PLAYING,770,582,771,770,0,2.8
2503,PLAYING,772,576,776,772,0,3.2
2504,PLAYING,772,572,778,772,0,3.3
2505,PLAYING,745,579,782,745,-1,3.5
2506,PLAYING,745,585,782,745,-1,2.1
2507,PLAYING,747,589,781,747,-1,2.0
2508,PLAYING,747,595,779,747,-1,2.7
2509,PLAYING,749,599,777,749,-1,2.0
2510,PLAYING,771,603,773,771,0,3.4
2511,PLAYING,771,607,769,771,0,2.4
2512,PLAYING,773,613,767,773,0,2.5
2513,PLAYING,773,617,765,773,0,1.9
2514,PLAYING,775,623,763,775,1,5.1
2515,PLAYING,786,617,761,786,1,2.9
2516,PLAYING,788,621,763,788,1,3.1
2517,PLAYING,788,627,765,788,1,2.0
2518,PLAYING,790,631,767,790,1,2.1
2519,PLAYING,792,637,771,792,1,3.6
2520,PLAYING,793,624,773,793,1,2.0
2521,PLAYING,795,630,777,795,1,2.7
2522,PLAYING,795,636,781,795,1,3.0
2523,PLAYING,797,640,785,797,1,2.3
2524,PLAYING,797,646,789,797,1,1.8
2525,PLAYING,780,634,793,780,-1,2.7
2526,PLAYING,782,640,797,782,-1,2.1
2527,PLAYING,782,644,798,782,-1,1.7
2528,PLAYING,784,650,796,784,-1,2.6
2529,PLAYING,784,654,794,784,-1,1.9
2530,PLAYING,770,662,790,770,-1,2.4
2531,PLAYING,770,666,786,770,-1,2.0
2532,PLAYING,772,672,782,772,-1,2.8
2533,PLAYING,774,678,778,774,0,2.3
2534,PLAYING,774,682,774,774,0,2.0
2535,PLAYING,767,700,770,767,0,2.1
2536,PLAYING,767,704,766,767,0,1.9
2537,PLAYING,769,710,764,769,0,2.2
2538,PLAYING,771,716,764,771,0,3.5
2539,PLAYING,771,720,762,771,1,2.2
2540,PLAYING,773,746,762,773,1,2.6
2541,PLAYING,773,752,763,773,1,1.8
2542,PLAYING,775,758,765,775,1,2.6
2543,PLAYING,775,762,767,775,0,3.0
2544,PLAYING,777,768,771,777,0,2.7
2545,PLAYING,789,783,774,789,1,2.2
2546,PLAYING,791,789,776,791,1,3.3
2547,PLAYING,793,793,777,793,1,2.1
2548,PLAYING,793,799,779,793,1,3.4
2549,PLAYING,795,803,783,795,1,2.2
2550,PLAYING,815,807,789,815,1,2.4
2551,PLAYING,817,813,793,817,1,1.8
2552,PLAYING,817,817,797,817,1,2.1
2553,PLAYING,819,823,801,819,1,2.0
2554,PLAYING,821,827,807,821,1,2.2
2555,PLAYING,832,821,811,832,1,1.9
2556,PLAYING,834,825,817,834,1,2.4
2557,PLAYING,834,831,821,834,1,1.8
2558,PLAYING,836,836,827,836,1,2.0
2559,PLAYING,839,839,831,839,1,1.8
2560,PLAYING,839,830,837,839,0,3.1
2561,PLAYING,841,833,843,841,0,1.9
2562,PLAYING,841,837,850,841,-1,4.1
2563,PLAYING,842,840,854,842,-1,1.8
2564,PLAYING,824,834,852,824,-1,2.6
2565,PLAYING,817,838,849,817,-1,1.9
2566,PLAYING,817,832,845,817,-1,2.7
2567,PLAYING,819,828,840,819,-1,2.6
2568,PLAYING,819,822,836,819,-1,2.4
2569,PLAYING,821,818,833,821,-1,1.7
2570,PLAYING,837,814,827,837,1,3.9
2571,PLAYING,839,808,825,839,1,2.6
2572,PLAYING,839,804,824,839,1,1.9
2573,PLAYING,841,798,826,841,1,2.6
2574,PLAYING,850,804,828,850,1,3.1
2575,PLAYING,850,800,832,850,1,2.6
2576,PLAYING,852,794,836,852,1,2.0
2577,PLAYING,852,790,840,852,1,2.2
2578,PLAYING,854,784,846,854,1,2.0
2579,PLAYING,854,800,851,854,0,3.0
2580,PLAYING,856,796,855,856,0,2.0
2581,PLAYING,856,790,861,856,0,3.4
2582,PLAYING,858,784,863,858,0,1.8
2583,PLAYING,858,778,865,858,0,9.8
2584,PLAYING,848,785,869,848,-1,3.0
2585,PLAYING,848,779,869,848,-1,3.6
2586,PLAYING,850,773,866,850,-1,2.3
2587,PLAYING,850,769,866,850,-1,3.7
2588,PLAYING,852,763,862,852,-1,2.4
2589,PLAYING,832,757,860,832,-1,2.5
2590,PLAYING,834,751,856,834,-1,1.8
2591,PLAYING,834,747,852,834,-1,3.0
2592,PLAYING,834,741,848,834,-1,2.5
2593,PLAYING,836,735,842,836,0,4.4
2594,PLAYING,825,719,841,825,-1,2.8
2595,PLAYING,827,713,837,827,-1,3.8
2596,PLAYING,827,709,833,827,0,2.3
2597,PLAYING,829,703,829,829,0,3.4
2598,PLAYING,829,697,825,829,0,3.3
2599,PLAYING,830,676,823,830,0,3.8
2600,PLAYING,830,670,821,830,1,2.3
2601,PLAYING,832,664,821,832,1,2.9
2602,PLAYING,832,660,821,832,1,2.4
2603,PLAYING,834,654,823,834,1,2.5
2604,PLAYING,853,634,825,853,1,2.7
2605,PLAYING,855,628,829,855,1,3.2
2606,PLAYING,855,622,833,855,1,1.9
2607,PLAYING,857,618,837,857,1,3.5
2608,PLAYING,857,612,841,857,1,1.9
2609,PLAYING,873,608,845,873,1,3.5
2610,PLAYING,875,604,847,875,1,2.7
2611,PLAYING,875,598,853,875,1,2.1
2612,PLAYING,877,594,857,877,1,2.4
2613,PLAYING,877,588,861,877,1,2.9
2614,PLAYING,888,596,865,888,1,2.1
2615,PLAYING,888,590,871,888,1,2.9
2616,PLAYING,890,584,875,890,1,2.6
2617,PLAYING,890,580,881,890,1,2.9
2618,PLAYING,892,574,885,892,0,3.1
2619,PLAYING,892,592,891,892,0,2.6
2620,PLAYING,894,586,896,894,0,2.0
2621,PLAYING,894,580,900,894,0,4.2
2622,PLAYING,894,576,902,894,0,2.2
2623,PLAYING,896,570,904,896,0,2.9
2624,PLAYING,867,579,906,867,-1,2.2
2625,PLAYING,869,585,906,869,-1,3.5
2626,PLAYING,869,589,905,869,-1,3.0
2627,PLAYING,871,595,903,871,-1,4.3
2628,PLAYING,871,601,901,871,-1,2.0
2629,PLAYING,893,603,897,893,0,4.3
2630,PLAYING,893,609,893,893,0,3.7
2631,PLAYING,893,613,891,893,0,3.4
2632,PLAYING,895,619,889,895,0,2.0
2633,PLAYING,895,625,887,895,0,3.3
2634,PLAYING,908,617,887,908,1,2.4
2635,PLAYING,908,623,887,908,1,2.5
2636,PLAYING,910,629,889,910,1,2.1
2637,PLAYING,910,633,891,910,1,2.8
2638,PLAYING,912,639,893,912,1,3.2
2639,PLAYING,913,626,897,913,1,3.2
2640,PLAYING,915,632,899,915,1,1.9
2641,PLAYING,915,638,903,915,1,2.5
2642,PLAYING,917,642,907,917,1,3.1
2643,PLAYING,917,648,911,917,0,3.0
2644,PLAYING,898,636,915,898,-1,2.4
2645,PLAYING,900,642,920,900,-1,2.3
2646,PLAYING,900,646,917,900,-1,3.0
2647,PLAYING,902,652,917,902,-1,4.0
2648,PLAYING,902,658,915,902,-1,3.2
2649,PLAYING,888,666,911,888,-1,3.2
2650,PLAYING,888,670,907,888,-1,2.0
2651,PLAYING,890,674,903,890,-1,5.2
2652,PLAYING,890,680,899,890,-1,2.7
2653,PLAYING,892,686,893,892,0,4.1
2654,PLAYING,883,702,889,883,0,2.9
2655,PLAYING,885,708,885,885,0,3.5
2656,PLAYING,885,712,883,885,0,2.9
2657,PLAYING,887,718,881,887,0,2.9
2658,PLAYING,887,724,879,887,0,1.9
2659,PLAYING,887,750,879,887,0,3.3
2660,PLAYING,889,756,879,889,1,2.5
2661,PLAYING,889,762,879,889,1,3.8
2662,PLAYING,891,766,879,891,1,2.2
2663,PLAYING,891,772,881,891,1,4.1
2664,PLAYING,905,787,883,905,1,2.6
2665,PLAYING,905,793,887,905,1,2.1
2666,PLAYING,907,797,891,907,1,2.3
2667,PLAYING,907,803,895,907,1,2.3
2668,PLAYING,909,809,899,909,1,1.9
2669,PLAYING,929,811,903,929,1,3.4
2670,PLAYING,931,817,905,931,1,3.7
2671,PLAYING,931,821,911,931,1,4.0
2672,PLAYING,931,827,915,931,1,2.6
2673,PLAYING,933,833,919,933,1,3.1
2674,PLAYING,944,825,923,944,1,1.8
2675,PLAYING,946,831,929,946,1,2.6
2676,PLAYING,946,834,933,946,1,1.8
2677,PLAYING,949,839,939,949,1,3.9
2678,PLAYING,950,842,943,950,0,3.0
2679,PLAYING,951,833,949,951,0,3.8
2680,PLAYING,951,837,954,951,0,2.7
2681,PLAYING,952,842,958,952,0,2.7
2682,PLAYING,950,843,961,950,-1,3.3
2683,PLAYING,947,844,960,947,-1,3.3
2684,PLAYING,932,832,958,932,-1,2.6
2685,PLAYING,930,828,956,930,-1,3.0
2686,PLAYING,928,824,953,928,-1,3.0
2687,PLAYING,926,818,949,926,-1,3.6
2688,PLAYING,924,814,946,924,-1,2.6
2689,PLAYING,904,810,940,904,-1,2.6
2690,PLAYING,902,806,938,902,-1,3.1
2691,PLAYING,900,802,934,900,-1,3.7
2692,PLAYING,898,796,930,898,-1,2.3
2693,PLAYING,896,792,926,896,-1,2.5
2694,PLAYING,885,798,922,885,-1,2.6
2695,PLAYING,883,794,916,883,-1,2.3
2696,PLAYING,881,790,912,881,-1,2.3
2697,PLAYING,877,784,906,877,-1,2.9
2698,PLAYING,875,780,902,875,-1,2.8
2699,PLAYING,873,796,898,873,-1,3.4
2700,PLAYING,871,792,892,871,-1,2.2
2701,PLAYING,869,786,886,869,-1,2.2
2702,PLAYING,867,782,884,867,-1,3.4
2703,PLAYING,865,778,878,865,-1,2.9
2704,PLAYING,875,783,872,875,0,2.5
2705,PLAYING,871,779,866,871,0,2.4
2706,PLAYING,869,773,862,869,0,2.6
2707,PLAYING,867,769,858,867,1,3.1
2708,PLAYING,865,763,854,865,1,2.1
2709,PLAYING,883,757,854,883,1,2.6
2710,PLAYING,881,753,856,881,1,2.1
2711,PLAYING,877,747,858,877,1,3.3
2712,PLAYING,875,743,865,875,1,2.2
2713,PLAYING,873,737,869,873,0,3.1
2714,PLAYING,882,721,873,882,1,2.6
2715,PLAYING,880,715,876,880,0,3.2
2716,PLAYING,878,711,879,878,0,2.2
2717,PLAYING,874,705,882,874,-1,2.5
2718,PLAYING,872,701,884,872,-1,2.9
2719,PLAYING,871,680,883,871,-1,2.1
2720,PLAYING,869,674,881,869,-1,3.0
2721,PLAYING,867,670,877,867,-1,2.9
2722,PLAYING,865,664,875,865,-1,3.1
2723,PLAYING,863,660,871,863,0,4.0
2724,PLAYING,842,640,867,842,-1,2.3
2725,PLAYING,838,634,865,838,-1,3.2
2726,PLAYING,836,630,861,836,-1,2.9
2727,PLAYING,834,624,859,834,-1,4.0
2728,PLAYING,832,620,855,832,-1,2.2
2729,PLAYING,814,616,851,814,-1,3.2
2730,PLAYING,812,612,847,812,-1,2.7
2731,PLAYING,810,608,843,810,-1,1.9
2732,PLAYING,808,602,839,808,-1,2.5
2733,PLAYING,804,598,833,804,-1,2.0
2734,PLAYING,793,604,829,793,-1,2.2
2735,PLAYING,791,600,825,791,-1,2.4
2736,PLAYING,789,596,819,789,-1,2.6
2737,PLAYING,787,590,815,787,-1,1.8
2738,PLAYING,785,586,809,785,-1,2.6
2739,PLAYING,783,602,805,783,-1,3.5
2740,PLAYING,779,598,799,779,-1,2.2
2741,PLAYING,777,592,793,777,-1,2.6
2742,PLAYING,775,588,787,775,-1,2.8
2743,PLAYING,773,582,781,773,-1,3.8
2744,PLAYING,783,589,775,783,1,3.1
2745,PLAYING,781,583,769,781,1,2.0
2746,PLAYING,777,579,768,777,1,2.3
2747,PLAYING,775,575,770,775,0,2.3
2748,PLAYING,773,569,772,773,0,2.8
2749,PLAYING,791,561,775,791,1,2.7
2750,PLAYING,789,557,777,789,1,1.8
2751,PLAYING,787,553,779,787,0,3.3
2752,PLAYING,785,549,781,785,0,2.5
2753,PLAYING,781,543,784,781,0,4.5
2754,PLAYING,790,527,784,790,0,2.0
2755,PLAYING,788,521,784,788,0,2.7
2756,PLAYING,786,517,784,786,0,1.9
2757,PLAYING,784,511,784,784,0,2.4
2758,PLAYING,782,509,784,782,0,3.3
2759,PLAYING,785,486,784,785,0,2.8
2760,PLAYING,787,482,784,787,0,1.9
2761,PLAYING,791,476,784,791,0,2.8
2762,PLAYING,793,472,784,793,1,2.8
2763,PLAYING,795,466,784,795,1,2.8
2764,PLAYING,778,446,783,778,0,2.5
2765,PLAYING,780,440,785,780,0,2.6
2766,PLAYING,782,436,788,782,0,2.1
2767,PLAYING,784,432,788,784,0,2.1
2768,PLAYING,786,426,788,786,0,1.8
2769,PLAYING,774,424,788,774,-1,3.1
2770,PLAYING,776,420,788,776,-1,3.1
2771,PLAYING,778,414,785,778,0,3.2
2772,PLAYING,780,410,785,780,0,2.0
2773,PLAYING,782,404,783,782,0,1.9
2774,PLAYING,775,412,783,775,-1,2.4
2775,PLAYING,777,408,783,777,0,2.4
2776,PLAYING,781,402,783,781,0,2.6
2777,PLAYING,783,396,783,783,0,2.4
2778,PLAYING,785,392,783,785,0,2.3
2779,PLAYING,787,410,783,787,0,2.6
2780,PLAYING,789,404,783,789,0,3.4
2781,PLAYING,791,400,783,791,0,2.3
2782,PLAYING,793,396,783,793,1,4.0
2783,PLAYING,795,390,783,795,1,2.6
2784,PLAYING,811,395,783,811,1,2.8
2785,PLAYING,813,391,785,813,1,2.1
2786,PLAYING,815,387,787,815,1,2.0
2787,PLAYING,817,381,791,817,1,2.9
2788,PLAYING,819,377,795,819,1,2.7
2789,PLAYING,843,369,799,843,1,2.6
2790,PLAYING,845,365,803,845,1,1.9
2791,PLAYING,847,361,807,847,1,3.1
2792,PLAYING,849,355,811,849,1,1.7
2793,PLAYING,862,339,815,862,1,2.1
2794,PLAYING,864,333,819,864,1,1.8
2795,PLAYING,866,329,823,866,1,2.5
2796,PLAYING,868,325,829,868,1,2.1
2797,PLAYING,870,331,833,870,1,2.8
2798,PLAYING,873,318,839,873,1,2.0
2799,PLAYING,877,322,843,877,1,2.3
2800,PLAYING,879,328,849,879,1,2.6
2801,PLAYING,881,332,855,881,1,2.3
2802,PLAYING,883,338,859,883,1,2.5
2803,PLAYING,866,326,865,866,0,2.2
2804,PLAYING,868,332,871,868,0,2.4
2805,PLAYING,872,336,878,872,0,1.8
2806,PLAYING,874,340,882,874,0,2.8
2807,PLAYING,876,346,884,876,0,1.9
2808,PLAYING,862,354,888,862,-1,3.7
2809,PLAYING,864,358,890,864,-1,2.0
2810,PLAYING,866,362,887,866,-1,2.0
2811,PLAYING,868,368,885,868,-1,3.4
2812,PLAYING,872,372,883,872,-1,3.2
2813,PLAYING,865,390,879,865,-1,2.3
2814,PLAYING,867,394,877,867,-1,2.5
2815,PLAYING,869,398,873,869,0,3.6
2816,PLAYING,871,404,869,871,0,3.0
2817,PLAYING,873,410,865,873,0,2.6
2818,PLAYING,875,436,863,875,1,2.3
2819,PLAYING,919,440,863,919,1,3.2
2820,PLAYING,922,434,863,922,1,3.9
2821,PLAYING,924,430,865,924,1,2.6
2822,PLAYING,926,426,867,926,1,2.9
2823,PLAYING,916,431,871,916,1,2.6
2824,PLAYING,918,427,875,918,1,2.4
2825,PLAYING,920,421,877,920,1,3.1
2826,PLAYING,922,417,881,922,1,2.8
2827,PLAYING,926,413,885,926,1,2.9
2828,PLAYING,908,405,891,908,1,2.7
2829,PLAYING,910,401,893,910,1,2.1
2830,PLAYING,912,395,899,912,1,2.2
2831,PLAYING,914,391,903,914,1,1.9
2832,PLAYING,916,385,907,916,1,3.8
2833,PLAYING,907,369,913,907,0,3.0
2834,PLAYING,911,365,917,911,0,2.8
2835,PLAYING,913,359,922,913,-1,2.7
2836,PLAYING,915,353,926,915,-1,2.4
2837,PLAYING,917,349,923,917,0,3.1
2838,PLAYING,918,328,923,918,0,3.0
2839,PLAYING,920,322,921,920,0,1.9
2840,PLAYING,924,318,921,924,0,2.5
2841,PLAYING,926,314,921,926,0,1.7
2842,PLAYING,928,308,921,928,0,3.2
2843,PLAYING,949,288,921,949,1,3.0
2844,PLAYING,951,282,921,951,1,3.5
2845,PLAYING,953,278,923,953,1,3.9
2846,PLAYING,955,274,923,955,1,2.2
2847,PLAYING,957,268,927,957,1,3.0
2848,PLAYING,977,264,931,977,1,3.2
2849,PLAYING,979,260,933,979,1,2.3
2850,PLAYING,981,256,937,981,1,3.7
2851,PLAYING,983,250,941,983,1,2.6
2852,PLAYING,985,246,945,985,1,4.3
2853,PLAYING,996,254,949,996,1,2.8
2854,PLAYING,998,248,953,998,1,2.9
2855,PLAYING,1002,244,957,1002,1,1.8
2856,PLAYING,1004,238,961,1004,1,4.2
2857,PLAYING,1006,234,967,1006,1,2.5
2858,PLAYING,1008,250,971,1008,1,3.5
2859,PLAYING,1010,246,975,1010,1,2.2
2860,PLAYING,1012,240,981,1012,1,3.3
2861,PLAYING,1014,236,987,1014,1,3.1
2862,PLAYING,975,232,991,975,-1,4.1
2863,PLAYING,991,247,997,991,0,3.0
2864,PLAYING,993,255,996,993,0,2.3
2865,PLAYING,995,257,996,995,0,2.4
2866,PLAYING,997,263,996,997,0,4.2
2867,PLAYING,999,267,996,999,0,2.3
2868,PLAYING,1021,271,996,1021,1,3.8
2869,PLAYING,1023,275,996,1023,1,2.7
2870,PLAYING,1027,279,995,1027,1,4.7
2871,PLAYING,1029,285,997,1029,1,2.6
2872,PLAYING,1031,289,1001,1031,1,3.2
2873,PLAYING,1044,283,1003,1044,1,2.4
2874,PLAYING,1046,287,1007,1046,1,3.4
2875,PLAYING,1048,291,1011,1048,1,1.9
2876,PLAYING,1050,297,1017,1050,1,3.9
2877,PLAYING,1052,301,1021,1052,1,2.7
2878,PLAYING,1057,290,1025,1057,1,3.9
2879,PLAYING,1059,294,1031,1059,1,1.8
2880,PLAYING,1061,300,1037,1061,1,2.7
2881,PLAYING,1063,304,1041,1063,1,3.5
2882,PLAYING,1065,308,1045,1065,1,3.4
2883,PLAYING,1048,298,1051,1048,0,2.6
2884,PLAYING,1052,302,1057,1052,0,3.2
2885,PLAYING,1054,308,1062,1054,0,3.0
2886,PLAYING,1056,312,1066,1056,-1,3.6
2887,PLAYING,1058,316,1070,1058,-1,2.3
2888,PLAYING,1044,324,1067,1044,-1,2.4
2889,PLAYING,1046,328,1067,1046,-1,2.1
2890,PLAYING,1048,334,1063,1048,-1,3.9
2891,PLAYING,1050,338,1061,1050,-1,2.5
2892,PLAYING,1054,344,1057,1054,0,4.2
2893,PLAYING,1047,360,1053,1047,0,2.9
2894,PLAYING,1049,364,1051,1049,0,3.1
2895,PLAYING,1051,370,1049,1051,0,2.4
2896,PLAYING,1053,374,1047,1053,0,2.4
2897,PLAYING,1055,380,1047,1055,0,2.0
2898,PLAYING,1057,406,1047,1057,1,2.8
2899,PLAYING,1059,410,1047,1059,1,1.9
2900,PLAYING,1063,416,1049,1063,1,3.2
2901,PLAYING,1065,420,1049,1065,1,2.3
2902,PLAYING,1067,426,1053,1067,1,2.9
2903,PLAYING,1081,441,1055,1081,1,2.1
2904,PLAYING,1083,447,1059,1083,1,3.2
2905,PLAYING,1085,451,1063,1085,1,3.5
2906,PLAYING,1087,455,1069,1087,1,3.3
2907,PLAYING,1091,461,1073,1091,1,2.1
2908,PLAYING,1113,463,1079,1113,1,2.9
2909,PLAYING,1115,469,1083,1115,1,2.5
2910,PLAYING,1117,473,1087,1117,1,3.0
2911,PLAYING,1090,470,1093,1090,0,3.3
2912,PLAYING,1092,468,1099,1092,0,2.6
2913,PLAYING,1087,450,1104,1087,-1,2.5
2914,PLAYING,1089,446,1108,1089,-1,2.4
2915,PLAYING,1093,440,1105,1093,-1,2.6
2916,PLAYING,1095,437,1103,1095,0,3.7
2917,PLAYING,1097,433,1101,1097,0,2.5
2918,PLAYING,1098,410,1099,1098,0,4.0
2919,PLAYING,1100,406,1099,1100,0,2.5
2920,PLAYING,1102,400,1099,1102,0,2.5
2921,PLAYING,1104,396,1099,1104,0,2.3
2922,PLAYING,1106,390,1099,1106,0,2.7
2923,PLAYING,1129,370,1099,1129,1,4.2
2924,PLAYING,1131,364,1099,1131,1,2.1
2925,PLAYING,1133,360,1099,1133,1,2.3
2926,PLAYING,1135,356,1101,1135,1,3.0
2927,PLAYING,1137,350,1103,1137,1,2.8
2928,PLAYING,1155,348,1107,1155,1,2.3
2929,PLAYING,1157,342,1111,1157,1,2.6
2930,PLAYING,1161,338,1115,1161,1,3.6
2931,PLAYING,1163,334,1119,1163,1,2.6
2932,PLAYING,1165,328,1123,1165,1,2.5
2933,PLAYING,1176,336,1127,1176,1,2.0
2934,PLAYING,1178,330,1131,1178,1,3.3
2935,PLAYING,1180,326,1135,1180,1,3.2
2936,PLAYING,1182,320,1139,1182,1,3.1
2937,PLAYING,1184,316,1143,1184,1,2.1
2938,PLAYING,1188,334,1149,1188,1,2.2
2939,PLAYING,1190,328,1153,1190,1,2.7
2940,PLAYING,1192,324,1159,1192,1,2.6
2941,PLAYING,1194,318,1163,1194,1,2.0
2942,PLAYING,1196,314,1169,1196,1,4.0
2943,PLAYING,1186,321,1175,1186,1,2.7
2944,PLAYING,1190,315,1181,1190,1,2.3
2945,PLAYING,1192,311,1185,1192,0,2.7
2946,PLAYING,1194,305,1191,1194,0,3.1
2947,PLAYING,1196,301,1198,1196,0,2.2
2948,PLAYING,1178,293,1202,1178,-1,2.6
2949,PLAYING,1180,289,1206,1180,-1,2.6
2950,PLAYING,1182,283,1203,1182,-1,3.2
2951,PLAYING,1186,279,1201,1186,-1,2.9
2952,PLAYING,1188,273,1199,1188,-1,2.9
2953,PLAYING,1179,257,1195,1179,-1,2.1
2954,PLAYING,1181,253,1193,1181,-1,3.3
2955,PLAYING,1183,247,1189,1183,0,2.4
2956,PLAYING,1185,243,1185,1185,0,2.4
2957,PLAYING,1187,237,1181,1187,0,3.0
2958,PLAYING,1190,216,1179,1190,1,4.1
2959,PLAYING,1192,212,1177,1192,1,2.6
2960,PLAYING,1194,206,1179,1194,1,2.4
2961,PLAYING,1196,202,1181,1196,1,2.8
2962,PLAYING,1198,196,1183,1198,1,1.8
2963,PLAYING,1219,176,1187,1219,1,2.5
2964,PLAYING,1221,170,1191,1221,1,2.7
2965,PLAYING,1225,166,1193,1225,1,1.8
2966,PLAYING,1227,162,1197,1227,1,2.1
2967,PLAYING,1221,158,1201,1221,1,2.4
2968,PLAYING,1254,158,1205,1254,1,2.2
2969,PLAYING,,,1207,,0,3.4
2970,PLAYING,,,1207,,0,1.9
2971,PLAYING,,,1208,,0,2.4
2972,PLAYING,,,1208,,0,2.1
2973,PLAYING,,,1208,,0,3.3
2974,PLAYING,,,1208,,0,3.2
2975,PLAYING,,,1208,,0,1.9
2976,PLAYING,,,1208,,0,3.1
2977,PLAYING,,,1208,,0,1.8
2978,PLAYING,,,1208,,0,3.3
2979,PLAYING,,,1208,,0,1.9
2980,PLAYING,,,1208,,0,2.6
2981,PLAYING,,,1208,,0,2.1
2982,PLAYING,,,1208,,0,3.2
2983,PLAYING,,,1208,,0,1.8
2984,PLAYING,,,1208,,0,3.3
2985,PLAYING,,,1208,,0,2.6
2986,PLAYING,,,1208,,0,2.2
2987,PLAYING,,,1208,,0,2.7
2988,PLAYING,,,1208,,0,1.8
2989,PLAYING,,,1208,,0,2.5
2990,PLAYING,,,1208,,0,2.2
2991,PLAYING,,,1208,,0,1.9
2992,PLAYING,,,1208,,0,2.9
2993,PLAYING,,,1208,,0,2.2
2994,PLAYING,,,1208,,0,2.6
2995,PLAYING,,,1208,,0,1.9
2996,PLAYING,,,1208,,0,2.5
2997,PLAYING,,,1208,,0,3.3
2998,PLAYING,,,1208,,0,3.0
2999,PLAYING,,,1208,,0,1.8
3000,PLAYING,,,1208,,0,3.3
3001,PLAYING,,,1208,,0,2.5
3002,PLAYING,,,1208,,0,2.9
3003,PLAYING,,,1208,,0,1.9
3004,PLAYING,,,1208,,0,3.3
3005,PLAYING,,,1208,,0,2.3
3006,PLAYING,,,1208,,0,3.1
3007,PLAYING,,,1208,,0,2.5
3008,PLAYING,,,1208,,0,2.5
3009,PLAYING,,,1208,,0,2.5
3010,PLAYING,,,1208,,0,1.9
3011,PLAYING,,,1208,,0,2.3
3012,PLAYING,,,1208,,0,2.6
3013,PLAYING,,,1208,,0,2.1
3014,PLAYING,,,1208,,0,3.4
3015,PLAYING,,,1208,,0,1.8
3016,PLAYING,,,1208,,0,3.7
3017,PLAYING,,,1208,,0,1.9
3018,PLAYING,,,1208,,0,2.5
3019,PLAYING,,,1208,,0,1.8
3020,PLAYING,,,1208,,0,1.8
3021,PLAYING,,,1208,,0,3.2
3022,PLAYING,,,1208,,0,2.9
3023,PLAYING,,,1208,,0,1.9
3024,PLAYING,,,1208,,0,3.0
3025,PLAYING,,,1208,,0,1.8
3026,PLAYING,,,1208,,0,3.1
3027,PLAYING,,,1208,,0,1.7
3028,PLAYING,,,1208,,0,1165.9
3029,PLAYING,,,,,0,2.7
3030,PLAYING,,,,,0,1.9
3031,PLAYING,,,,,0,2.2
3032,PLAYING,,,,,0,1.9
3033,PLAYING,,,,,0,3.9
3034,PLAYING,,,,,0,2.6
3035,PLAYING,,,,,0,2.2
3036,PLAYING,,,,,0,2.6
3037,PLAYING,,,,,0,3.7
3038,PLAYING,,,,,0,2.1
3039,PLAYING,,,,,0,2.5
3040,PLAYING,,,,,0,1.8
3041,PLAYING,,,,,0,3.2
3042,PLAYING,,,,,0,1.9
3043,PLAYING,,,,,0,2.4
3044,PLAYING,,,,,0,2.3
3045,PLAYING,,,,,0,3.6
3046,PLAYING,,,,,0,3.0
3047,PLAYING,,,,,0,2.9
3048,PLAYING,,,,,0,2.5
3049,PLAYING,,,,,0,3.5
3050,PLAYING,,,,,0,3.4
3051,PLAYING,,,,,0,3.0
3052,PLAYING,,,,,0,2.8
3053,PLAYING,,,,,0,2.0
3054,PLAYING,,,,,0,2.5
3055,PLAYING,,,,,0,3.7
3056,PLAYING,,,,,0,3.1
3057,PLAYING,,,,,0,12.9
3058,PLAYING,,,,,0,5.1
3059,PLAYING,,,,,0,4.4
3060,PLAYING,,,,,0,4.0
3061,PLAYING,,,,,0,2.7
3062,PLAYING,,,,,0,4.9
3063,PLAYING,,,,,0,2.4
3064,PLAYING,,,,,0,2.5
3065,PLAYING,,,,,0,2.8
3066,PLAYING,,,,,0,1.9
3067,PLAYING,,,,,0,2.9
3068,PLAYING,,,,,0,1.9
3069,PLAYING,,,,,0,3.3
3070,PLAYING,,,,,0,2.7
3071,PLAYING,,,,,0,3.0
3072,PLAYING,,,,,0,2.1
3073,PLAYING,,,,,0,2.8
3074,PLAYING,,,,,0,3.6
3075,PLAYING,,,,,0,2.4
3076,PLAYING,,,,,0,2.8
3077,PLAYING,,,,,0,2.2
3078,PLAYING,,,,,0,2.7
3079,PLAYING,,,,,0,2.8
3080,PLAYING,,,,,0,2.0
3081,PLAYING,,,,,0,3.1
3082,PLAYING,,,,,0,1.9
3083,PLAYING,,,,,0,3.0
3084,PLAYING,,,,,0,2.4
3085,PLAYING,,,,,0,2.4
3086,PLAYING,,,,,0,3.0
3087,PLAYING,,,,,0,2.0
3088,PLAYING,,,,,0,1166.2
3089,PLAYING,,,1208,,0,3.6
3090,PLAYING,,,1208,,0,2.4
3091,PLAYING,,,1208,,0,2.0
3092,PLAYING,,,1208,,0,3.2
3093,PLAYING,,,1208,,0,2.7
3094,PLAYING,,,1208,,0,2.8
3095,PLAYING,,,1208,,0,2.4
3096,PLAYING,,,1208,,0,1.8
3097,PLAYING,,,1208,,0,1.8
3098,PLAYING,,,1208,,0,2.5
3099,PLAYING,,,1208,,0,2.3
3100,PLAYING,,,1208,,0,1.7
3101,PLAYING,,,1208,,0,2.5
3102,PLAYING,,,1208,,0,3.1
3103,PLAYING,,,1208,,0,2.5
3104,PLAYING,,,1208,,0,2.0
3105,PLAYING,,,1208,,0,2.2
3106,PLAYING,,,1208,,0,3.0
3107,PLAYING,,,1208,,0,1.9
3108,PLAYING,,,1208,,0,2.0
3109,PLAYING,,,1208,,0,1.8
3110,PLAYING,,,1208,,0,1.9
3111,PLAYING,,,1208,,0,2.0
3112,PLAYING,,,1208,,0,1.8
3113,PLAYING,,,1208,,0,2.5
3114,PLAYING,,,1208,,0,1.7
3115,PLAYING,,,1208,,0,1.9
3116,PLAYING,,,1208,,0,2.6
3117,PLAYING,,,1208,,0,3.0
3118,PLAYING,,,1208,,0,2.8
3119,PLAYING,,,1208,,0,2.2
3120,PLAYING,,,1208,,0,1.8
3121,PLAYING,,,1208,,0,2.5
3122,PLAYING,,,1208,,0,1.8
3123,PLAYING,,,1208,,0,3.2
3124,PLAYING,,,1208,,0,3.7
3125,PLAYING,,,1208,,0,2.5
3126,PLAYING,,,1208,,0,1.8
3127,PLAYING,,,1208,,0,2.5
3128,PLAYING,,,1208,,0,2.6
3129,PLAYING,,,1208,,0,1.8
3130,PLAYING,960,384,1208,960,-1,3.9
3131,PLAYING,960,384,1208,960,-1,1.9
3132,PLAYING,961,384,1208,961,-1,2.0
3133,PLAYING,961,384,1208,961,-1,2.9
3134,PLAYING,961,384,1208,961,-1,2.7
3135,PLAYING,961,384,1208,961,-1,3.4
3136,PLAYING,961,384,1208,961,-1,3.6
3137,PLAYING,961,384,1208,961,-1,1.9
3138,PLAYING,961,384,1208,961,-1,3.6
3139,PLAYING,961,383,1208,961,-1,3.2
3140,PLAYING,960,382,1208,960,-1,2.3
3141,PLAYING,960,382,1208,960,-1,2.0
3142,PLAYING,960,382,1208,960,-1,2.5
3143,PLAYING,960,382,1208,960,-1,3.8
3144,PLAYING,960,382,1208,960,-1,2.7
3145,PLAYING,960,382,1208,960,-1,1.9
3146,PLAYING,960,382,1208,960,-1,4.4
3147,PLAYING,960,382,1208,960,-1,2.2
3148,PLAYING,960,382,1208,960,-1,3.6
3149,PLAYING,960,382,1208,960,-1,1.8
3150,PLAYING,1032,382,1208,1032,-1,2.8
3151,PLAYING,1032,382,1208,1032,-1,3.1
3152,PLAYING,1032,382,1208,1032,-1,4.1
3153,PLAYING,1032,382,1208,1032,-1,2.3
3154,PLAYING,1032,382,1208,1032,-1,3.1
3155,PLAYING,1032,382,1208,1032,-1,3.2
3156,PLAYING,1032,382,1208,1032,-1,2.6
3157,PLAYING,1032,382,1208,1032,-1,2.8
3158,PLAYING,1032,382,1208,1032,-1,2.2
3159,PLAYING,1032,382,1208,1032,-1,2.8
3160,PLAYING,1032,382,1208,1032,-1,3.5
3161,PLAYING,1032,382,1208,1032,-1,2.8
3162,PLAYING,1032,382,1208,1032,-1,2.4
3163,PLAYING,1032,382,1208,1032,-1,2.7
3164,PLAYING,1032,382,1208,1032,-1,3.8
3165,PLAYING,1032,382,1208,1032,-1,2.6
3166,PLAYING,1032,382,1208,1032,-1,3.5
3167,PLAYING,1032,382,1208,1032,-1,2.4
3168,PLAYING,1032,382,1208,1032,-1,3.1
3169,PLAYING,1032,382,1208,1032,-1,2.1
3170,PLAYING,1032,382,1208,1032,-1,3.2
3171,PLAYING,1032,382,1208,1032,-1,2.1
3172,PLAYING,1032,382,1208,1032,-1,2.2
3173,PLAYING,1032,382,1208,1032,-1,4.3
3174,PLAYING,1032,382,1208,1032,-1,3.0
3175,PLAYING,1032,382,1208,1032,-1,2.7
3176,PLAYING,1032,382,1208,1032,-1,2.3
3177,PLAYING,1032,382,1208,1032,-1,1.9
3178,PLAYING,1032,382,1208,1032,-1,3.5
3179,PLAYING,1032,382,1208,1032,-1,2.8
3180,PLAYING,1032,382,1208,1032,-1,2.6
3181,PLAYING,1032,382,1208,1032,-1,2.6
3182,PLAYING,1032,382,1208,1032,-1,2.8
3183,PLAYING,1032,382,1208,1032,-1,2.7
3184,PLAYING,1032,382,1208,1032,-1,3.6
3185,PLAYING,1032,382,1208,1032,-1,2.4
3186,PLAYING,1032,382,1208,1032,-1,2.2
3187,PLAYING,1032,382,1208,1032,-1,2.1
3188,PLAYING,1032,382,1208,1032,-1,2.9
3189,PLAYING,1032,382,1208,1032,-1,1.8
3190,PLAYING,1032,382,1208,1032,-1,2.9
3191,PLAYING,1032,382,1208,1032,-1,3.0
3192,PLAYING,1032,382,1208,1032,-1,2.9
3193,PLAYING,1032,382,1208,1032,-1,3.2
3194,PLAYING,1032,382,1208,1032,-1,3.0
3195,PLAYING,1032,382,1208,1032,-1,4.5
3196,PLAYING,1032,382,1208,1032,-1,2.2
3197,PLAYING,1032,382,1208,1032,-1,2.2
3198,PLAYING,1032,382,1208,1032,-1,2.3
3199,PLAYING,1032,382,1207,1032,-1,3.3
3200,PLAYING,1032,382,1205,1032,-1,3.9
3201,PLAYING,1032,382,1203,1032,-1,2.7
3202,PLAYING,1032,382,1199,1032,-1,2.0
3203,PLAYING,1032,382,1195,1032,-1,2.1
3204,PLAYING,1032,382,1191,1032,-1,3.2
3205,PLAYING,1032,382,1187,1032,-1,2.2
3206,PLAYING,1032,382,1181,1032,-1,3.4
3207,PLAYING,1032,382,1177,1032,-1,3.1
3208,PLAYING,1032,382,1173,1032,-1,3.1
3209,PLAYING,1032,382,1169,1032,-1,2.9
3210,PLAYING,1032,382,1163,1032,-1,2.5
3211,PLAYING,1032,382,1157,1032,-1,3.1
3212,PLAYING,1032,382,1153,1032,-1,3.7
3213,PLAYING,1032,382,1147,1032,-1,1.9
3214,PLAYING,1032,382,1141,1032,-1,2.8
3215,PLAYING,1032,382,1135,1032,-1,2.4
3216,PLAYING,1032,382,1129,1032,-1,2.8
3217,PLAYING,1032,382,1123,1032,-1,2.7
3218,PLAYING,1032,382,1117,1032,-1,2.1
3219,PLAYING,1032,382,1111,1032,-1,2.4
3220,PLAYING,1032,382,1105,1032,-1,2.7
3221,PLAYING,1032,382,1099,1032,-1,1.8
3222,PLAYING,1032,382,1091,1032,-1,2.0
3223,PLAYING,1032,382,1085,1032,-1,2.4
3224,PLAYING,1032,382,1079,1032,-1,3.7
3225,PLAYING,1032,382,1071,1032,-1,3.2
3226,PLAYING,1032,382,1063,1032,-1,2.7
3227,PLAYING,1032,382,1057,1032,-1,2.4
3228,PLAYING,1032,382,1049,1032,-1,2.3
3229,PLAYING,1032,382,1041,1032,-1,2.0
3230,PLAYING,1032,382,1033,1032,0,3.5
3231,PLAYING,1032,382,1025,1032,0,2.6
3232,PLAYING,1032,382,1017,1032,1,3.7
3233,PLAYING,1032,382,1013,1032,1,2.2
3234,PLAYING,1032,382,1013,1032,1,2.2
3235,PLAYING,1032,382,1015,1032,1,3.0
3236,PLAYING,1032,382,1017,1032,1,3.5
3237,PLAYING,1032,382,1021,1032,1,2.7
3238,PLAYING,1032,382,1025,1032,0,2.6
3239,PLAYING,1032,382,1027,1032,0,1.9
3240,PLAYING,1032,382,1032,1032,0,3.9
3241,PLAYING,1032,382,1034,1032,0,2.8
3242,PLAYING,1032,382,1034,1032,0,3.3
3243,PLAYING,1032,382,1034,1032,0,3.4
3244,PLAYING,1032,382,1034,1032,0,3.4
3245,PLAYING,1032,382,1034,1032,0,1.9
3246,PLAYING,1032,382,1034,1032,0,2.7
3247,PLAYING,1032,382,1034,1032,0,2.9
3248,PLAYING,1032,382,1034,1032,0,3.6
3249,PLAYING,1032,382,1034,1032,0,2.0
3250,PLAYING,1032,382,1034,1032,0,2.3
3251,PLAYING,1032,382,1034,1032,0,1.9
3252,PLAYING,1032,382,1034,1032,0,3.2
3253,PLAYING,1032,382,1034,1032,0,2.1
3254,PLAYING,1032,382,1034,1032,0,3.5
3255,PLAYING,1032,382,1034,1032,0,1.9
3256,PLAYING,1032,382,1034,1032,0,2.9
3257,PLAYING,1032,382,1034,1032,0,2.2
3258,PLAYING,1032,382,1034,1032,0,2.4
3259,PLAYING,1032,382,1034,1032,0,1.8
3260,PLAYING,1032,382,1034,1032,0,3.3
3261,PLAYING,1032,382,1034,1032,0,2.6
3262,PLAYING,1032,382,1034,1032,0,4.1
3263,PLAYING,1032,382,1034,1032,0,2.4
3264,PLAYING,1032,382,1034,1032,0,2.0
3265,PLAYING,1032,382,1034,1032,0,2.5
3266,PLAYING,1032,382,1034,1032,0,2.1
3267,PLAYING,1032,382,1034,1032,0,2.8
3268,PLAYING,1032,382,1034,1032,0,2.0
3269,PLAYING,1032,382,1034,1032,0,2.6
3270,PLAYING,1032,382,1034,1032,0,3.7
3271,PLAYING,1032,382,1034,1032,0,2.5
3272,PLAYING,1032,382,1034,1032,0,4.0
3273,PLAYING,1032,382,1034,1032,0,2.6
3274,PLAYING,1032,382,1034,1032,0,2.1
3275,PLAYING,1032,382,1034,1032,0,1.9
3276,PLAYING,1032,382,1034,1032,0,3.9
3277,PLAYING,1032,382,1034,1032,0,3.2
3278,PLAYING,1032,382,1034,1032,0,2.2
3279,PLAYING,1032,382,1034,1032,0,3.6
3280,PLAYING,1032,382,1034,1032,0,3.4
3281,PLAYING,1032,382,1034,1032,0,2.5
3282,PLAYING,1032,382,1034,1032,0,2.6
3283,PLAYING,1032,382,1034,1032,0,2.3
3284,PLAYING,1032,382,1034,1032,0,2.2
3285,PLAYING,1032,382,1034,1032,0,2.7
3286,PLAYING,1032,382,1034,1032,0,2.8
3287,PLAYING,1032,382,1034,1032,0,1.8
3288,PLAYING,1032,382,1034,1032,0,3.3
3289,PLAYING,1032,382,1034,1032,0,1.9
3290,PLAYING,1032,382,1034,1032,0,2.8
3291,PLAYING,1032,382,1034,1032,0,2.7
3292,PLAYING,1032,382,1034,1032,0,3.4
3293,PLAYING,1032,382,1034,1032,0,2.0
3294,PLAYING,1032,382,1034,1032,0,2.8
3295,PLAYING,1032,382,1034,1032,0,2.9
3296,PLAYING,1032,382,1034,1032,0,2.8
3297,PLAYING,1032,382,1034,1032,0,2.6
3298,PLAYING,1032,382,1034,1032,0,2.1
3299,PLAYING,1032,382,1034,1032,0,1.9
3300,PLAYING,1032,382,1034,1032,0,3.2
3301,PLAYING,1032,382,1034,1032,0,2.0
3302,PLAYING,1032,382,1034,1032,0,3.3
3303,PLAYING,1032,382,1034,1032,0,3.8
3304,PLAYING,1032,382,1034,1032,0,3.3
3305,PLAYING,1032,382,1034,1032,0,2.1
3306,PLAYING,1032,382,1034,1032,0,2.4
3307,PLAYING,1032,382,1034,1032,0,2.0
3308,PLAYING,1032,382,1034,1032,0,2.4
3309,PLAYING,1032,382,1034,1032,0,2.6
3310,PLAYING,1032,382,1034,1032,0,2.1
3311,PLAYING,1032,382,1034,1032,0,1.9
3312,PLAYING,1032,382,1034,1032,0,3.1
3313,PLAYING,1032,382,1034,1032,0,2.0
3314,PLAYING,1032,382,1034,1032,0,2.1
3315,PLAYING,1032,382,1034,1032,0,2.8
3316,PLAYING,1032,382,1034,1032,0,2.3
3317,PLAYING,1032,382,1034,1032,0,2.2
3318,PLAYING,1032,382,1034,1032,0,2.7
3319,PLAYING,1032,382,1034,1032,0,3.2
3320,PLAYING,1032,382,1034,1032,0,3.2
3321,PLAYING,1032,382,1034,1032,0,3.0
3322,PLAYING,1032,382,1034,1032,0,2.5
3323,PLAYING,1032,382,1034,1032,0,2.6
3324,PLAYING,1032,382,1034,1032,0,3.6
3325,PLAYING,1032,382,1034,1032,0,3.0
3326,PLAYING,1032,382,1034,1032,0,2.1
3327,PLAYING,1032,382,1034,1032,0,1.9
3328,PLAYING,1032,382,1034,1032,0,3.3
3329,PLAYING,1032,382,1034,1032,0,2.6
3330,PLAYING,1032,382,1034,1032,0,3.3
3331,PLAYING,1032,382,1034,1032,0,2.0
3332,PLAYING,1032,382,1034,1032,0,2.9
3333,PLAYING,1032,382,1034,1032,0,1.9
3334,PLAYING,1032,382,1034,1032,0,3.2
3335,PLAYING,1032,382,1034,1032,0,2.5
3336,PLAYING,1032,382,1034,1032,0,2.1
3337,PLAYING,1032,382,1034,1032,0,3.0
3338,PLAYING,1032,382,1034,1032,0,2.5
3339,PLAYING,1032,382,1034,1032,0,3.3
3340,PLAYING,1032,382,1034,1032,0,3.2
3341,PLAYING,1032,382,1034,1032,0,1.9
3342,PLAYING,1032,382,1034,1032,0,2.9
3343,PLAYING,1032,382,1034,1032,0,2.9
3344,PLAYING,1032,382,1034,1032,0,2.4
3345,PLAYING,1032,382,1034,1032,0,2.7
3346,PLAYING,1032,382,1034,1032,0,3.1
3347,PLAYING,1032,382,1034,1032,0,2.1
3348,PLAYING,1032,382,1034,1032,0,3.1
3349,PLAYING,1032,382,1034,1032,0,2.1
3350,PLAYING,1032,382,1034,1032,0,2.8
3351,PLAYING,1032,382,1034,1032,0,4.8
3352,PLAYING,1032,382,1034,1032,0,3.2
3353,PLAYING,1032,382,1034,1032,0,1.8
3354,PLAYING,1032,382,1034,1032,0,2.9
3355,PLAYING,1032,382,1034,1032,0,3.2
3356,PLAYING,1032,382,1034,1032,0,1.7
3357,PLAYING,1032,382,1034,1032,0,2.4
3358,PLAYING,1032,382,1034,1032,0,2.7
3359,PLAYING,1032,382,1034,1032,0,1.9
3360,PLAYING,1032,382,1034,1032,0,2.7
3361,PLAYING,1032,382,1034,1032,0,2.4
3362,PLAYING,1032,382,1034,1032,0,2.2
3363,PLAYING,1032,382,1034,1032,0,2.6
3364,PLAYING,1032,382,1034,1032,0,2.0
3365,PLAYING,1032,382,1034,1032,0,2.3
3366,PLAYING,1032,382,1034,1032,0,3.1
3367,PLAYING,1032,382,1034,1032,0,2.6
3368,PLAYING,1032,382,1034,1032,0,2.1
3369,PLAYING,1032,382,1034,1032,0,1.9
3370,PLAYING,1032,382,1034,1032,0,2.3
3371,PLAYING,1032,382,1034,1032,0,1.9
3372,PLAYING,1032,382,1034,1032,0,2.2
3373,PLAYING,1032,382,1034,1032,0,2.1
3374,PLAYING,1032,382,1034,1032,0,3.1
3375,PLAYING,1032,382,1034,1032,0,3.6
3376,PLAYING,1032,382,1034,1032,0,3.2
3377,PLAYING,1032,382,1034,1032,0,2.6
3378,PLAYING,1032,382,1034,1032,0,2.6
3379,PLAYING,1032,382,1034,1032,0,2.9
3380,PLAYING,1032,382,1034,1032,0,3.9
3381,PLAYING,1032,382,1034,1032,0,2.1
3382,PLAYING,1032,382,1034,1032,0,2.4
3383,PLAYING,1032,382,1034,1032,0,3.8
3384,PLAYING,1032,382,1034,1032,0,2.7
3385,PLAYING,1032,382,1034,1032,0,2.1
3386,PLAYING,1032,382,1034,1032,0,3.4
3387,PLAYING,1032,382,1034,1032,0,3.2
3388,PLAYING,1032,382,1034,1032,0,3.4
3389,PLAYING,1032,382,1034,1032,0,2.3
3390,PLAYING,1032,382,1034,1032,0,3.1
3391,PLAYING,1032,382,1034,1032,0,2.9
3392,PLAYING,1032,382,1034,1032,0,2.7
3393,PLAYING,1032,382,1034,1032,0,2.7
3394,PLAYING,1032,382,1034,1032,0,2.1
3395,PLAYING,1032,382,1034,1032,0,2.3
3396,PLAYING,1032,382,1034,1032,0,2.3
3397,PLAYING,1032,382,1034,1032,0,3.0
3398,PLAYING,1032,382,1034,1032,0,2.2
3399,PLAYING,1032,382,1034,1032,0,1.9
3400,PLAYING,1032,382,1034,1032,0,2.6
3401,PLAYING,1032,382,1034,1032,0,2.5
3402,PLAYING,1032,382,1034,1032,0,2.5
3403,PLAYING,1032,382,1034,1032,0,3.6
3404,PLAYING,1032,382,1034,1032,0,3.1
3405,PLAYING,1032,382,1034,1032,0,2.1
3406,PLAYING,1032,382,1034,1032,0,2.8
3407,PLAYING,1032,382,1034,1032,0,3.1
3408,PLAYING,1032,382,1034,1032,0,2.3
3409,PLAYING,1032,382,1034,1032,0,2.1
3410,PLAYING,1032,382,1034,1032,0,3.0
3411,PLAYING,1032,382,1034,1032,0,1.9
3412,PLAYING,1032,382,1034,1032,0,3.2
3413,PLAYING,1032,382,1034,1032,0,3.4
3414,PLAYING,1032,382,1034,1032,0,3.8
3415,PLAYING,1032,382,1034,1032,0,4.1
3416,PLAYING,1032,382,1034,1032,0,2.5
3417,PLAYING,1032,382,1034,1032,0,2.9
3418,PLAYING,1032,382,1034,1032,0,3.1
3419,PLAYING,1032,382,1034,1032,0,2.0
3420,PLAYING,1032,382,1034,1032,0,2.1
3421,PLAYING,1032,382,1034,1032,0,2.9
3422,PLAYING,1032,382,1034,1032,0,2.5
3423,PLAYING,1032,382,1034,1032,0,4.0
3424,PLAYING,1032,382,1034,1032,0,2.6
3425,PLAYING,1032,382,1034,1032,0,2.6
3426,PLAYING,1032,382,1034,1032,0,2.8
3427,PLAYING,1032,382,1034,1032,0,2.1
3428,PLAYING,1032,382,1034,1032,0,2.1
3429,PLAYING,1032,382,1034,1032,0,3.6
3430,PLAYING,1032,382,1034,1032,0,2.0
3431,PLAYING,1032,382,1034,1032,0,2.1
3432,PLAYING,1032,382,1034,1032,0,2.8
3433,PLAYING,1032,382,1034,1032,0,3.0
3434,PLAYING,1032,382,1034,1032,0,2.1
3435,PLAYING,1032,382,1034,1032,0,4.1
3436,PLAYING,1032,382,1034,1032,0,2.6
3437,PLAYING,1032,382,1034,1032,0,2.9
3438,PLAYING,1032,382,1034,1032,0,2.1
3439,PLAYING,1032,382,1034,1032,0,3.6
3440,PLAYING,1032,382,1034,1032,0,2.1
3441,PLAYING,1032,382,1034,1032,0,2.6
3442,PLAYING,1032,382,1034,1032,0,3.8
3443,PLAYING,1032,382,1034,1032,0,2.5
3444,PLAYING,1032,382,1034,1032,0,2.3
3445,PLAYING,1032,382,1034,1032,0,2.7
3446,PLAYING,1032,382,1034,1032,0,2.0
3447,PLAYING,1032,382,1034,1032,0,2.3
3448,PLAYING,1032,382,1034,1032,0,1.8
3449,PLAYING,1032,382,1034,1032,0,3.3
3450,PLAYING,1032,382,1034,1032,0,2.2
3451,PLAYING,1032,382,1034,1032,0,3.3
3452,PLAYING,1032,382,1034,1032,0,2.0
3453,PLAYING,1032,382,1034,1032,0,3.4
3454,PLAYING,1032,382,1034,1032,0,2.6
3455,PLAYING,1032,382,1034,1032,0,2.4
3456,PLAYING,1032,382,1034,1032,0,2.4
3457,PLAYING,1032,382,1034,1032,0,2.8
3458,PLAYING,1032,382,1034,1032,0,2.7
3459,PLAYING,1032,382,1034,1032,0,2.1
3460,PLAYING,1032,382,1034,1032,0,2.5
3461,PLAYING,1032,382,1034,1032,0,2.9
3462,PLAYING,1032,382,1034,1032,0,2.4
3463,PLAYING,1032,382,1034,1032,0,2.4
3464,PLAYING,1032,382,1034,1032,0,1.8
3465,PLAYING,1032,382,1034,1032,0,3.8
3466,PLAYING,1032,382,1034,1032,0,1.9
3467,PLAYING,1032,382,1034,1032,0,1.9
3468,PLAYING,1032,382,1034,1032,0,2.7
3469,PLAYING,1032,382,1034,1032,0,3.5
3470,PLAYING,1032,382,1034,1032,0,2.0
3471,PLAYING,1032,382,1034,1032,0,1.9
3472,PLAYING,1032,382,1034,1032,0,2.4
3473,PLAYING,1032,382,1034,1032,0,2.9
3474,PLAYING,1032,382,1034,1032,0,2.4
3475,PLAYING,1032,382,1034,1032,0,3.3
3476,PLAYING,1032,382,1034,1032,0,1.9
3477,PLAYING,1032,382,1034,1032,0,3.6
3478,PLAYING,1032,382,1034,1032,0,2.2
3479,PLAYING,1032,382,1034,1032,0,1.9
3480,PLAYING,1032,382,1034,1032,0,2.7
3481,PLAYING,1032,382,1034,1032,0,3.6
3482,PLAYING,1032,382,1034,1032,0,2.5
3483,PLAYING,1032,382,1034,1032,0,3.8
3484,PLAYING,1032,382,1034,1032,0,2.0
3485,PLAYING,1032,382,1034,1032,0,2.8
3486,PLAYING,1032,382,1034,1032,0,2.1
3487,PLAYING,1032,382,1034,1032,0,2.3
3488,PLAYING,1032,382,1034,1032,0,1.8
3489,PLAYING,1032,382,1034,1032,0,3.9
3490,PLAYING,1032,382,1034,1032,0,2.1
3491,PLAYING,1032,382,1034,1032,0,3.5
3492,PLAYING,1032,382,1034,1032,0,2.8
3493,PLAYING,1032,382,1034,1032,0,2.3
3494,PLAYING,1032,382,1034,1032,0,2.7
3495,PLAYING,1032,382,1034,1032,0,2.1
3496,PLAYING,1032,382,1034,1032,0,2.4
3497,PLAYING,1032,382,1034,1032,0,3.6
3498,PLAYING,1032,382,1034,1032,0,2.0
3499,PLAYING,1032,382,1034,1032,0,2.2
3500,PLAYING,1032,382,1034,1032,0,2.5
3501,PLAYING,1032,382,1034,1032,0,3.5
3502,PLAYING,1032,382,1034,1032,0,2.4
3503,PLAYING,1032,382,1034,1032,0,3.0
3504,PLAYING,1032,382,1034,1032,0,1.8
3505,PLAYING,1032,382,1034,1032,0,2.4
3506,PLAYING,1032,382,1034,1032,0,3.1
3507,PLAYING,1032,382,1034,1032,0,2.6
3508,PLAYING,1032,382,1034,1032,0,2.4
3509,PLAYING,1032,382,1034,1032,0,2.7
3510,PLAYING,1032,382,1034,1032,0,3.0
3511,PLAYING,1032,382,1034,1032,0,2.7
3512,PLAYING,1032,382,1034,1032,0,1.9
3513,PLAYING,1032,382,1034,1032,0,3.1
3514,PLAYING,1032,382,1034,1032,0,2.0
3515,PLAYING,1032,382,1034,1032,0,3.3
3516,PLAYING,1032,382,1034,1032,0,3.3
3517,PLAYING,1032,382,1034,1032,0,2.3
3518,PLAYING,1032,382,1034,1032,0,1.8
3519,PLAYING,1032,382,1034,1032,0,3.9
3520,PLAYING,1032,382,1034,1032,0,1.9
3521,PLAYING,1032,382,1034,1032,0,3.0
3522,PLAYING,1032,382,1034,1032,0,2.4
3523,PLAYING,1032,382,1034,1032,0,2.9
3524,PLAYING,1032,382,1034,1032,0,2.7
3525,PLAYING,1032,382,1034,1032,0,2.9
3526,PLAYING,1032,382,1034,1032,0,2.0
3527,PLAYING,1032,382,1034,1032,0,3.0
3528,PLAYING,1032,382,1034,1032,0,2.3
3529,PLAYING,1032,382,1034,1032,0,2.3
3530,PLAYING,1032,382,1034,1032,0,2.9
3531,PLAYING,1032,382,1034,1032,0,3.0
3532,PLAYING,1032,382,1034,1032,0,2.5
3533,PLAYING,1032,382,1034,1032,0,3.3
3534,PLAYING,1032,382,1034,1032,0,2.1
3535,PLAYING,1032,382,1034,1032,0,2.5
3536,PLAYING,1032,382,1034,1032,0,2.5
3537,PLAYING,1032,382,1034,1032,0,3.1
3538,PLAYING,1032,382,1034,1032,0,1.9
3539,PLAYING,1032,382,1034,1032,0,4.1
3540,PLAYING,1032,382,1034,1032,0,2.3
3541,PLAYING,1032,382,1034,1032,0,3.3
3542,PLAYING,1032,382,1034,1032,0,2.4
3543,PLAYING,1032,382,1034,1032,0,2.3
3544,PLAYING,1032,382,1034,1032,0,2.5
3545,PLAYING,1032,382,1034,1032,0,2.4
3546,PLAYING,1032,382,1034,1032,0,2.0
3547,PLAYING,1032,382,1034,1032,0,2.3
3548,PLAYING,1032,382,1034,1032,0,3.0
3549,PLAYING,1032,382,1034,1032,0,3.2
3550,PLAYING,1032,382,1034,1032,0,2.5
3551,PLAYING,1032,382,1034,1032,0,3.9
3552,PLAYING,1032,382,1034,1032,0,1.9
3553,PLAYING,1032,382,1034,1032,0,3.3
3554,PLAYING,1032,382,1034,1032,0,2.1
3555,PLAYING,1032,382,1034,1032,0,4.0
3556,PLAYING,1032,382,1034,1032,0,1.9
3557,PLAYING,1032,382,1034,1032,0,3.0
3558,PLAYING,1032,382,1034,1032,0,2.6
3559,PLAYING,1032,382,1034,1032,0,2.7
3560,PLAYING,1032,382,1034,1032,0,2.6
3561,PLAYING,1032,382,1034,1032,0,3.4
3562,PLAYING,1032,382,1034,1032,0,2.5
3563,PLAYING,1032,382,1034,1032,0,2.5
3564,PLAYING,1032,382,1034,1032,0,2.1
3565,PLAYING,1032,382,1034,1032,0,3.6
3566,PLAYING,1032,382,1034,1032,0,2.8
3567,PLAYING,1032,382,1034,1032,0,1.9
3568,PLAYING,1032,382,1034,1032,0,2.6
3569,PLAYING,1032,382,1034,1032,0,3.2
3570,PLAYING,1032,382,1034,1032,0,2.2
3571,PLAYING,1032,382,1034,1032,0,3.3
3572,PLAYING,1032,382,1034,1032,0,2.0
3573,PLAYING,1032,382,1034,1032,0,3.2
3574,PLAYING,1032,382,1034,1032,0,2.2
3575,PLAYING,1032,382,1034,1032,0,3.5
3576,PLAYING,1032,382,1034,1032,0,2.3
3577,PLAYING,1032,382,1034,1032,0,2.9
3578,PLAYING,1032,382,1034,1032,0,3.0
3579,PLAYING,1032,382,1034,1032,0,2.8
3580,PLAYING,1032,382,1034,1032,0,2.0
3581,PLAYING,1032,382,1034,1032,0,3.1
3582,PLAYING,1032,382,1034,1032,0,2.4
3583,PLAYING,1032,382,1034,1032,0,3.5
3584,PLAYING,1032,382,1034,1032,0,2.8
3585,PLAYING,1032,382,1034,1032,0,2.7
3586,PLAYING,1032,382,1034,1032,0,2.0
3587,PLAYING,1032,382,1034,1032,0,3.4
3588,PLAYING,1032,382,1034,1032,0,2.1
3589,PLAYING,1032,382,1034,1032,0,3.2
3590,PLAYING,1032,382,1034,1032,0,4.1
3591,PLAYING,1032,382,1034,1032,0,2.6
3592,PLAYING,1032,382,1034,1032,0,2.3
3593,PLAYING,1032,382,1034,1032,0,2.6
3594,PLAYING,1032,382,1034,1032,0,3.3
3595,PLAYING,1032,382,1034,1032,0,2.8
3596,PLAYING,1032,382,1034,1032,0,1.8
3597,PLAYING,1032,382,1034,1032,0,3.0
3598,PLAYING,1032,382,1034,1032,0,2.4
3599,PLAYING,1032,382,1034,1032,0,2.3
3600,PLAYING,1032,382,1034,1032,0,2.4
3601,PLAYING,1032,382,1034,1032,0,2.6
3602,PLAYING,1032,382,1034,1032,0,2.2
3603,PLAYING,1032,382,1034,1032,0,1.9
3604,PLAYING,1032,382,1034,1032,0,2.4
3605,PLAYING,1032,382,1034,1032,0,2.2
3606,PLAYING,1032,382,1034,1032,0,2.5
3607,PLAYING,1032,382,1034,1032,0,2.5
3608,PLAYING,1032,382,1034,1032,0,3.3
3609,PLAYING,1032,382,1034,1032,0,3.5
3610,PLAYING,1032,382,1034,1032,0,2.7
3611,PLAYING,1032,382,1034,1032,0,2.8
3612,PLAYING,1032,382,1034,1032,0,3.9
3613,PLAYING,1032,382,1034,1032,0,2.1
3614,PLAYING,1032,382,1034,1032,0,1.9
3615,PLAYING,1032,382,1034,1032,0,3.2
3616,PLAYING,1032,382,1034,1032,0,2.6
3617,PLAYING,1032,382,1034,1032,0,2.1
3618,PLAYING,1032,382,1034,1032,0,2.8
3619,PLAYING,1032,382,1034,1032,0,2.3
3620,PLAYING,1032,382,1034,1032,0,2.1
3621,PLAYING,1032,382,1034,1032,0,2.6
3622,PLAYING,1032,382,1034,1032,0,2.4
3623,PLAYING,1032,382,1034,1032,0,2.9
3624,PLAYING,1032,382,1034,1032,0,2.1
3625,PLAYING,1032,382,1034,1032,0,3.1
3626,PLAYING,1032,382,1034,1032,0,3.2
3627,PLAYING,1032,382,1034,1032,0,2.3
3628,PLAYING,1032,382,1034,1032,0,2.4
3629,PLAYING,1032,382,1034,1032,0,2.2
3630,PLAYING,1032,382,1034,1032,0,2.8
3631,PLAYING,1032,382,1034,1032,0,3.5
3632,PLAYING,1032,382,1034,1032,0,1.7
3633,PLAYING,1032,382,1034,1032,0,3.1
3634,PLAYING,1032,382,1034,1032,0,3.2
3635,PLAYING,1032,382,1034,1032,0,2.6
3636,PLAYING,1032,382,1034,1032,0,2.4
3637,PLAYING,1032,382,1034,1032,0,2.7
3638,PLAYING,1032,382,1034,1032,0,2.1
3639,PLAYING,1032,382,1034,1032,0,3.2
3640,PLAYING,1032,382,1034,1032,0,2.4
3641,PLAYING,1032,382,1034,1032,0,2.3
3642,PLAYING,1032,382,1034,1032,0,2.1
3643,PLAYING,1032,382,1034,1032,0,2.1
3644,PLAYING,1032,382,1034,1032,0,3.4
3645,PLAYING,1032,382,1034,1032,0,2.3
3646,PLAYING,1032,382,1034,1032,0,2.0
3647,PLAYING,1032,382,1034,1032,0,2.9
3648,PLAYING,1032,382,1034,1032,0,1.9
3649,PLAYING,1032,382,1034,1032,0,3.0
3650,PLAYING,1032,382,1034,1032,0,3.8
3651,PLAYING,1032,382,1034,1032,0,2.6
3652,PLAYING,1032,382,1034,1032,0,2.4
3653,PLAYING,1032,382,1034,1032,0,2.4
3654,PLAYING,1032,382,1034,1032,0,3.4
3655,PLAYING,1032,382,1034,1032,0,2.4
3656,PLAYING,1032,382,1034,1032,0,2.8
3657,PLAYING,1032,382,1034,1032,0,3.0
3658,PLAYING,1032,382,1034,1032,0,2.0
3659,PLAYING,1032,382,1034,1032,0,2.8
3660,PLAYING,1032,382,1034,1032,0,2.3
3661,PLAYING,1032,382,1034,1032,0,3.0
3662,PLAYING,1032,382,1034,1032,0,4.3
3663,PLAYING,1032,382,1034,1032,0,2.6
3664,PLAYING,1032,382,1034,1032,0,2.4
3665,PLAYING,1032,382,1034,1032,0,2.2
3666,PLAYING,1032,382,1034,1032,0,2.8
3667,PLAYING,1032,382,1034,1032,0,3.0
3668,PLAYING,1032,382,1034,1032,0,2.5
3669,PLAYING,1032,382,1034,1032,0,2.0
3670,PLAYING,1032,382,1034,1032,0,2.0
3671,PLAYING,1032,382,1034,1032,0,2.3
3672,PLAYING,1032,382,1034,1032,0,2.9
3673,PLAYING,1032,382,1034,1032,0,2.9
3674,PLAYING,1032,382,1034,1032,0,2.9
3675,PLAYING,1032,382,1034,1032,0,3.2
3676,PLAYING,1032,382,1034,1032,0,3.2
3677,PLAYING,1032,382,1034,1032,0,2.5
3678,PLAYING,1032,382,1034,1032,0,4.2
3679,PLAYING,1032,382,1034,1032,0,2.9
3680,PLAYING,1032,382,1034,1032,0,1.9
3681,PLAYING,1032,382,1034,1032,0,3.2
3682,PLAYING,1032,382,1034,1032,0,1.8
3683,PLAYING,1032,382,1034,1032,0,2.4
3684,PLAYING,1032,382,1034,1032,0,2.3
3685,PLAYING,1032,382,1034,1032,0,3.7
3686,PLAYING,1032,382,1034,1032,0,1.9
3687,PLAYING,1032,382,1034,1032,0,3.2
3688,PLAYING,1032,382,1034,1032,0,2.2
3689,PLAYING,1032,382,1034,1032,0,2.6
3690,PLAYING,1032,382,1034,1032,0,2.0
3691,PLAYING,1032,382,1034,1032,0,3.4
3692,PLAYING,1032,382,1034,1032,0,1.9
3693,PLAYING,1032,382,1034,1032,0,3.9
3694,PLAYING,1032,382,1034,1032,0,2.6
3695,PLAYING,1032,382,1034,1032,0,2.4
3696,PLAYING,1032,382,1034,1032,0,2.0
3697,PLAYING,1032,382,1034,1032,0,3.0
3698,PLAYING,1032,382,1034,1032,0,2.0
3699,PLAYING,1032,382,1034,1032,0,2.7
3700,PLAYING,1032,382,1034,1032,0,2.8
3701,PLAYING,1032,382,1034,1032,0,1.9
3702,PLAYING,1032,382,1034,1032,0,1.9
3703,PLAYING,1032,382,1034,1032,0,3.1
3704,PLAYING,1032,382,1034,1032,0,3.6
3705,PLAYING,1032,382,1034,1032,0,1.9
3706,PLAYING,1032,382,1034,1032,0,1.8
3707,PLAYING,1032,382,1034,1032,0,1.8
3708,PLAYING,1032,382,1034,1032,0,2.6
3709,PLAYING,1032,382,1034,1032,0,2.8
3710,PLAYING,1032,382,1034,1032,0,2.3
3711,PLAYING,1032,382,1034,1032,0,2.7
3712,PLAYING,1032,382,1034,1032,0,3.8
3713,PLAYING,1032,382,1034,1032,0,2.0
3714,PLAYING,1032,382,1034,1032,0,2.8
3715,PLAYING,1032,382,1034,1032,0,1.9
3716,PLAYING,1032,382,1034,1032,0,2.4
3717,PLAYING,1032,382,1034,1032,0,2.9
3718,PLAYING,1032,382,1034,1032,0,1.9
3719,PLAYING,1032,382,1034,1032,0,1.8
3720,PLAYING,1032,382,1034,1032,0,2.1
3721,PLAYING,1032,382,1034,1032,0,2.8
3722,PLAYING,1032,382,1034,1032,0,1.8
3723,PLAYING,1032,382,1034,1032,0,2.7
3724,PLAYING,1032,382,1034,1032,0,2.7
3725,PLAYING,1032,382,1034,1032,0,1.9
3726,PLAYING,1032,382,1034,1032,0,1.8
3727,PLAYING,1032,382,1034,1032,0,2.0
3728,PLAYING,1032,382,1034,1032,0,2.7
3729,PLAYING,1032,382,1034,1032,0,2.5
3730,PLAYING,1032,382,1034,1032,0,2.9
3731,PLAYING,1032,382,1034,1032,0,2.9
3732,PLAYING,1032,382,1034,1032,0,3.6
3733,PLAYING,1032,382,1034,1032,0,2.7
3734,PLAYING,1032,382,1034,1032,0,1.8
3735,PLAYING,1032,382,1034,1032,0,2.0
3736,PLAYING,1032,382,1034,1032,0,2.3
3737,PLAYING,1032,382,1034,1032,0,2.0
3738,PLAYING,1032,382,1034,1032,0,1.9
3739,PLAYING,1032,382,1034,1032,0,3.3
3740,PLAYING,1032,382,1034,1032,0,3.8
3741,PLAYING,1032,382,1034,1032,0,2.0
3742,PLAYING,1032,382,1034,1032,0,2.1
3743,PLAYING,1032,382,1034,1032,0,1.7
3744,PLAYING,1032,382,1034,1032,0,3.3
3745,PLAYING,1032,382,1034,1032,0,2.0
3746,PLAYING,1032,382,1034,1032,0,2.9
3747,PLAYING,1032,382,1034,1032,0,2.1
3748,PLAYING,1032,382,1034,1032,0,3.5
3749,PLAYING,1032,382,1034,1032,0,2.6
3750,PLAYING,1032,382,1034,1032,0,2.3
3751,PLAYING,1032,382,1034,1032,0,2.4
3752,PLAYING,1032,382,1034,1032,0,2.5
3753,PLAYING,1032,382,1034,1032,0,2.0
3754,PLAYING,1032,382,1034,1032,0,2.2
3755,PLAYING,1032,382,1034,1032,0,1.9
3756,PLAYING,1032,382,1034,1032,0,3.4
3757,PLAYING,1032,382,1034,1032,0,1.8
3758,PLAYING,1032,382,1034,1032,0,2.6
3759,PLAYING,1032,382,1034,1032,0,2.2
3760,PLAYING,1032,382,1034,1032,0,3.5
3761,PLAYING,1032,382,1034,1032,0,2.8
3762,PLAYING,1032,382,1034,1032,0,2.0
3763,PLAYING,1032,382,1034,1032,0,2.8
3764,PLAYING,1032,382,1034,1032,0,3.5
3765,PLAYING,1032,382,1034,1032,0,2.8
3766,PLAYING,1032,382,1034,1032,0,2.5
3767,PLAYING,1032,382,1034,1032,0,1.9
3768,PLAYING,1032,382,1034,1032,0,3.1
3769,PLAYING,1032,382,1034,1032,0,2.2
3770,PLAYING,1032,382,1034,1032,0,1.9
3771,PLAYING,1032,382,1034,1032,0,4.5
3772,PLAYING,1032,382,1034,1032,0,2.2
3773,PLAYING,1032,382,1034,1032,0,4.7
3774,PLAYING,1032,382,1034,1032,0,2.0
3775,PLAYING,1032,382,1034,1032,0,4.6
3776,PLAYING,1032,382,1034,1032,0,1.9
3777,PLAYING,1032,382,1034,1032,0,2.2
3778,PLAYING,1032,382,1034,1032,0,4.3
3779,PLAYING,1032,382,1034,1032,0,2.6
3780,PLAYING,1032,382,1034,1032,0,2.3
3781,PLAYING,1032,382,1034,1032,0,3.1
3782,PLAYING,1032,382,1034,1032,0,2.8
3783,PLAYING,1032,382,1034,1032,0,2.4
3784,PLAYING,1032,382,1034,1032,0,4.8
3785,PLAYING,1032,382,1034,1032,0,2.5
3786,PLAYING,1032,382,1034,1032,0,3.8
3787,PLAYING,1032,382,1034,1032,0,2.7
3788,PLAYING,1032,382,1034,1032,0,2.1
3789,PLAYING,1032,382,1034,1032,0,3.0
3790,PLAYING,1032,382,1034,1032,0,2.6
3791,PLAYING,1032,382,1034,1032,0,2.0
3792,PLAYING,1032,382,1034,1032,0,2.1
3793,PLAYING,1032,382,1034,1032,0,3.9
3794,PLAYING,1032,382,1034,1032,0,2.3
3795,PLAYING,1032,382,1034,1032,0,2.2
3796,PLAYING,1032,382,1034,1032,0,4.2
3797,PLAYING,1032,382,1034,1032,0,2.1
3798,PLAYING,1032,382,1034,1032,0,4.0
3799,PLAYING,1032,382,1034,1032,0,2.1
3800,PLAYING,1032,382,1034,1032,0,2.2
3801,PLAYING,1032,382,1034,1032,0,3.5
3802,PLAYING,1032,382,1034,1032,0,2.4
3803,PLAYING,1032,382,1034,1032,0,2.0
3804,PLAYING,1032,382,1034,1032,0,3.4
3805,PLAYING,1032,382,1034,1032,0,2.4
3806,PLAYING,1032,382,1034,1032,0,1.9
3807,PLAYING,1032,382,1034,1032,0,2.1
3808,PLAYING,1032,382,1034,1032,0,4.6
3809,PLAYING,1032,382,1034,1032,0,3.5
3810,PLAYING,1032,382,1034,1032,0,2.1
3811,PLAYING,1032,382,1034,1032,0,2.6
3812,PLAYING,1032,382,1034,1032,0,2.1
3813,PLAYING,1032,382,1034,1032,0,5.5
3814,PLAYING,1032,382,1034,1032,0,2.1
3815,PLAYING,1032,382,1034,1032,0,4.2
3816,PLAYING,1032,382,1034,1032,0,3.5
3817,PLAYING,1032,382,1034,1032,0,2.1
3818,PLAYING,1032,382,1034,1032,0,5.4
3819,PLAYING,1032,382,1034,1032,0,2.2
3820,PLAYING,1032,382,1034,1032,0,4.3
3821,PLAYING,1032,382,1034,1032,0,2.2
3822,PLAYING,1032,382,1034,1032,0,2.3
3823,PLAYING,1032,382,1034,1032,0,4.4
3824,PLAYING,1032,382,1034,1032,0,2.6
3825,PLAYING,1032,382,1034,1032,0,4.3
3826,PLAYING,1032,382,1034,1032,0,2.5
3827,PLAYING,1032,382,1034,1032,0,4.1
3828,PLAYING,1032,382,1034,1032,0,2.8
3829,PLAYING,1032,382,1034,1032,0,3.1
3830,PLAYING,1032,382,1034,1032,0,3.1
3831,PLAYING,1032,382,1034,1032,0,3.1
3832,PLAYING,1032,382,1034,1032,0,3.9
3833,PLAYING,1032,382,1034,1032,0,2.2
3834,PLAYING,1032,382,1034,1032,0,2.7
3835,PLAYING,1032,382,1034,1032,0,2.4
3836,PLAYING,1032,382,1034,1032,0,2.5
3837,PLAYING,1032,382,1034,1032,0,4.7
3838,PLAYING,1032,382,1034,1032,0,2.2
3839,PLAYING,1032,382,1034,1032,0,3.1
3840,PLAYING,1032,382,1034,1032,0,3.1
3841,PLAYING,1032,382,1034,1032,0,3.9
3842,PLAYING,1032,382,1034,1032,0,2.7
3843,PLAYING,1032,382,1034,1032,0,2.3
3844,PLAYING,1032,382,1034,1032,0,2.4
3845,PLAYING,1032,382,1034,1032,0,2.2
3846,PLAYING,1032,382,1034,1032,0,3.6
3847,PLAYING,1032,382,1034,1032,0,2.4
3848,PLAYING,1032,382,1034,1032,0,2.5
3849,PLAYING,1032,382,1034,1032,0,2.1
3850,PLAYING,1032,382,1034,1032,0,3.2
3851,PLAYING,1032,382,1034,1032,0,2.2
3852,PLAYING,1032,382,1034,1032,0,3.1
3853,PLAYING,1032,382,1034,1032,0,2.1
3854,PLAYING,1032,382,1034,1032,0,3.6
3855,PLAYING,1032,382,1034,1032,0,3.8
3856,PLAYING,1032,382,1034,1032,0,3.9
3857,PLAYING,1032,382,1034,1032,0,2.6
3858,PLAYING,1032,382,1034,1032,0,3.2
3859,PLAYING,1032,382,1034,1032,0,2.0
3860,PLAYING,1032,382,1034,1032,0,3.1
3861,PLAYING,1032,382,1034,1032,0,2.3
3862,PLAYING,1032,382,1034,1032,0,3.5
3863,PLAYING,1032,382,1034,1032,0,3.5
3864,PLAYING,1032,382,1034,1032,0,4.0
3865,PLAYING,1032,382,1034,1032,0,2.0
3866,PLAYING,1032,382,1034,1032,0,2.7
3867,PLAYING,1032,382,1034,1032,0,2.6
3868,PLAYING,1032,382,1034,1032,0,2.5
3869,PLAYING,1032,382,1034,1032,0,2.1
3870,PLAYING,1032,382,1034,1032,0,3.9
3871,PLAYING,1032,382,1034,1032,0,3.8
3872,PLAYING,1032,382,1034,1032,0,3.0
3873,PLAYING,1032,382,1034,1032,0,2.5
3874,PLAYING,1032,382,1034,1032,0,3.3
3875,PLAYING,1032,382,1034,1032,0,4.5
3876,PLAYING,1032,382,1034,1032,0,3.2
3877,PLAYING,1032,382,1034,1032,0,1.8
3878,PLAYING,1032,388,1034,1032,0,2.6
3879,PLAYING,,,,,0,2.4
3880,PLAYING,,,,,0,2.3
3881,PLAYING,,,,,0,2.0
3882,PLAYING,,,,,0,2.3
